StatusExistingAcc,DurationMonth,CreditHistory,Purpose,CreditAmount,SavingsAccount,EmploymentLength,InstallmentRate,MarriedNSex,Debtors,ResidenceLength,Property,Age,InstallmentPlans,Housing,ExistingCredit,Job,NumPeopleLiable,Telephone,ForeignWorker,CreditEval,AgeBinary
11,6,34,43,1169,65,75,4,93,101,4,121,67,143,152,2,173,1,192,201,1,other
12,48,32,43,5951,61,73,2,92,101,2,121,22,143,152,1,173,1,191,201,2,young
14,12,34,46,2096,61,74,2,93,101,3,121,49,143,152,1,172,2,191,201,1,other
11,42,32,42,7882,61,74,2,93,103,4,122,45,143,153,1,173,2,191,201,1,other
11,24,33,40,4870,61,73,3,93,101,4,124,53,143,153,2,173,2,191,201,2,other
14,36,32,46,9055,65,73,2,93,101,4,124,35,143,153,1,172,2,192,201,1,other
14,24,32,42,2835,63,75,3,93,101,4,122,53,143,152,1,173,1,191,201,1,other
12,36,32,41,6948,61,73,2,93,101,2,123,35,143,151,1,174,1,192,201,1,other
14,12,32,43,3059,64,74,2,91,101,4,121,61,143,152,1,172,1,191,201,1,other
12,30,34,40,5234,61,71,4,94,101,2,123,28,143,152,2,174,1,191,201,2,other
12,12,32,40,1295,61,72,3,92,101,1,123,25,143,151,1,173,1,191,201,2,young
11,48,32,49,4308,61,72,3,92,101,4,122,24,143,151,1,173,1,191,201,2,young
12,12,32,43,1567,61,73,1,92,101,1,123,22,143,152,1,173,1,192,201,1,young
11,24,34,40,1199,61,75,4,93,101,4,123,60,143,152,2,172,1,191,201,2,other
11,15,32,40,1403,61,73,2,92,101,4,123,28,143,151,1,173,1,191,201,1,other
11,24,32,43,1282,62,73,4,92,101,2,123,32,143,152,1,172,1,191,201,2,other
14,24,34,43,2424,65,75,4,93,101,4,122,53,143,152,2,173,1,191,201,1,other
11,30,30,49,8072,65,72,2,93,101,3,123,25,141,152,3,173,1,191,201,1,young
12,24,32,41,12579,61,75,4,92,101,2,124,44,143,153,1,174,1,192,201,2,other
14,24,32,43,3430,63,75,3,93,101,2,123,31,143,152,1,173,2,192,201,1,other
14,9,34,40,2134,61,73,4,93,101,4,123,48,143,152,3,173,1,192,201,1,other
11,6,32,43,2647,63,73,2,93,101,3,121,44,143,151,1,173,2,191,201,1,other
11,10,34,40,2241,61,72,1,93,101,3,121,48,143,151,2,172,2,191,202,1,other
12,12,34,41,1804,62,72,3,93,101,4,122,44,143,152,1,173,1,191,201,1,other
14,10,34,42,2069,65,73,2,94,101,1,123,26,143,152,2,173,1,191,202,1,other
11,6,32,42,1374,61,73,1,93,101,2,121,36,141,152,1,172,1,192,201,1,other
14,6,30,43,426,61,75,4,94,101,4,123,39,143,152,1,172,1,191,201,1,other
13,12,31,43,409,64,73,3,92,101,3,121,42,143,151,2,173,1,191,201,1,other
12,7,32,43,2415,61,73,3,93,103,2,121,34,143,152,1,173,1,191,201,1,other
11,60,33,49,6836,61,75,3,93,101,4,124,63,143,152,2,173,1,192,201,2,other
12,18,32,49,1913,64,72,3,94,101,3,121,36,141,152,1,173,1,192,201,1,other
11,24,32,42,4020,61,73,2,93,101,2,123,27,142,152,1,173,1,191,201,1,other
12,18,32,40,5866,62,73,2,93,101,2,123,30,143,152,2,173,1,192,201,1,other
14,12,34,49,1264,65,75,4,93,101,4,124,57,143,151,1,172,1,191,201,1,other
13,12,32,42,1474,61,72,4,92,101,1,122,33,141,152,1,174,1,192,201,1,other
12,45,34,43,4746,61,72,4,93,101,2,122,25,143,152,2,172,1,191,201,2,young
14,48,34,46,6110,61,73,1,93,101,3,124,31,141,153,1,173,1,192,201,1,other
13,18,32,43,2100,61,73,4,93,102,2,121,37,142,152,1,173,1,191,201,2,other
13,10,32,44,1225,61,73,2,93,101,2,123,37,143,152,1,173,1,192,201,1,other
12,9,32,43,458,61,73,4,93,101,3,121,24,143,152,1,173,1,191,201,1,young
14,30,32,43,2333,63,75,4,93,101,2,123,30,141,152,1,174,1,191,201,1,other
12,12,32,43,1158,63,73,3,91,101,1,123,26,143,152,1,173,1,192,201,1,other
12,18,33,45,6204,61,73,2,93,101,4,121,44,143,152,1,172,2,192,201,1,other
11,30,34,41,6187,62,74,1,94,101,4,123,24,143,151,2,173,1,191,201,1,young
11,48,34,41,6143,61,75,4,92,101,4,124,58,142,153,2,172,1,191,201,2,other
14,11,34,40,1393,61,72,4,92,101,4,123,35,143,152,2,174,1,191,201,1,other
14,36,32,43,2299,63,75,4,93,101,4,123,39,143,152,1,173,1,191,201,1,other
11,6,32,41,1352,63,71,1,92,101,2,122,23,143,151,1,171,1,192,201,1,young
14,11,34,40,7228,61,73,1,93,101,4,122,39,143,152,2,172,1,191,201,1,other
14,12,32,43,2073,62,73,4,92,102,2,121,28,143,152,1,173,1,191,201,1,other
12,24,33,42,2333,65,72,4,93,101,2,122,29,141,152,1,172,1,191,201,1,other
12,27,33,41,5965,61,75,1,93,101,2,123,30,143,152,2,174,1,192,201,1,other
14,12,32,43,1262,61,73,3,93,101,2,123,25,143,152,1,173,1,191,201,1,young
14,18,32,41,3378,65,73,2,93,101,1,122,31,143,152,1,173,1,192,201,1,other
12,36,33,40,2225,61,75,4,93,101,4,124,57,141,153,2,173,1,192,201,2,other
14,6,31,40,783,65,73,1,93,103,2,121,26,142,152,1,172,2,191,201,1,other
12,12,32,43,6468,65,71,2,93,101,1,124,52,143,152,1,174,1,192,201,2,other
14,36,34,43,9566,61,73,2,92,101,2,123,31,142,152,2,173,1,191,201,1,other
13,18,32,40,1961,61,75,3,92,101,2,123,23,143,152,1,174,1,191,201,1,young
11,36,34,42,6229,61,72,4,92,102,4,124,23,143,151,2,172,1,192,201,2,young
12,9,32,49,1391,61,73,2,94,101,1,121,27,141,152,1,173,1,192,201,1,other
12,15,34,43,1537,65,75,4,93,103,4,121,50,143,152,2,173,1,192,201,1,other
12,36,30,49,1953,61,75,4,93,101,4,124,61,143,153,1,174,1,192,201,2,other
12,48,30,49,14421,61,73,2,93,101,2,123,25,143,152,1,173,1,192,201,2,young
14,24,32,43,3181,61,72,4,92,101,4,122,26,143,152,1,173,1,192,201,1,other
14,27,32,45,5190,65,75,4,93,101,4,122,48,143,152,4,173,2,192,201,1,other
14,12,32,43,2171,61,72,2,92,101,2,123,29,141,152,1,173,1,191,201,1,other
12,12,32,40,1007,64,73,4,94,101,1,121,22,143,152,1,173,1,191,201,1,young
14,36,32,46,1819,61,73,4,93,101,4,124,37,142,153,1,173,1,192,201,2,other
14,36,32,43,2394,65,73,4,92,101,4,123,25,143,152,1,173,1,191,201,1,young
14,36,32,41,8133,61,73,1,92,101,2,122,30,141,152,1,173,1,191,201,1,other
14,7,34,43,730,65,75,4,93,101,2,122,46,143,151,2,172,1,192,201,1,other
11,8,34,410,1164,61,75,3,93,101,4,124,51,141,153,2,174,2,192,201,1,other
12,42,34,49,5954,61,74,2,92,101,1,121,41,141,152,2,172,1,191,201,1,other
11,36,32,46,1977,65,75,4,93,101,4,124,40,143,152,1,174,1,192,201,2,other
11,12,34,41,1526,61,75,4,93,101,4,124,66,143,153,2,174,1,191,201,1,other
11,42,32,43,3965,61,72,4,93,101,3,123,34,143,152,1,173,1,191,201,2,other
12,11,33,43,4771,61,74,2,93,101,4,122,51,143,152,1,173,1,191,201,1,other
14,54,30,41,9436,65,73,2,93,101,2,122,39,143,152,1,172,2,191,201,1,other
12,30,32,42,3832,61,72,2,94,101,1,122,22,143,152,1,173,1,191,201,1,young
14,24,32,43,5943,65,72,1,92,101,1,123,44,143,152,2,173,1,192,201,2,other
14,15,32,43,1213,63,75,4,93,101,3,122,47,142,152,1,173,1,192,201,1,other
14,18,32,49,1568,62,73,3,92,101,4,122,24,143,151,1,172,1,191,201,1,young
11,24,32,410,1755,61,75,4,92,103,4,121,58,143,152,1,172,1,192,201,1,other
11,10,32,43,2315,61,75,3,93,101,4,121,52,143,152,1,172,1,191,201,1,other
14,12,34,49,1412,61,73,4,92,103,2,121,29,143,152,2,174,1,192,201,1,other
12,18,34,42,1295,61,72,4,92,101,1,122,27,143,152,2,173,1,191,201,1,other
12,36,32,46,12612,62,73,1,93,101,4,124,47,143,153,1,173,2,192,201,2,other
11,18,32,40,2249,62,74,4,93,101,3,123,30,143,152,1,174,2,192,201,1,other
11,12,30,45,1108,61,74,4,93,101,3,121,28,143,152,2,173,1,191,201,2,other
14,12,34,43,618,61,75,4,93,101,4,121,56,143,152,1,173,1,191,201,1,other
11,12,34,41,1409,61,75,4,93,101,3,121,54,143,152,1,173,1,191,201,1,other
14,12,34,43,797,65,75,4,92,101,3,122,33,141,152,1,172,2,191,201,2,other
13,24,34,42,3617,65,75,4,93,102,4,124,20,143,151,2,173,1,191,201,1,young
12,12,32,40,1318,64,75,4,93,101,4,121,54,143,152,1,173,1,192,201,1,other
12,54,30,49,15945,61,72,3,93,101,4,124,58,143,151,1,173,1,192,201,2,other
14,12,34,46,2012,65,74,4,92,101,2,123,61,143,152,1,173,1,191,201,1,other
12,18,32,49,2622,62,73,4,93,101,4,123,34,143,152,1,173,1,191,201,1,other
12,36,34,43,2337,61,75,4,93,101,4,121,36,143,152,1,173,1,191,201,1,other
12,20,33,41,7057,65,74,3,93,101,4,122,36,141,151,2,174,2,192,201,1,other
14,24,32,40,1469,62,75,4,94,101,4,121,41,143,151,1,172,1,191,201,1,other
12,36,32,43,2323,61,74,4,93,101,4,123,24,143,151,1,173,1,191,201,1,young
14,6,33,43,932,61,73,3,92,101,2,121,24,143,152,1,173,1,191,201,1,young
12,9,34,42,1919,61,74,4,93,101,3,123,35,143,151,1,173,1,192,201,1,other
14,12,32,41,2445,65,72,2,94,101,4,123,26,143,151,1,173,1,192,201,1,other
12,24,34,410,11938,61,73,2,93,102,3,123,39,143,152,2,174,2,192,201,2,other
14,18,31,40,6458,61,75,2,93,101,4,124,39,141,152,2,174,2,192,201,2,other
12,12,32,40,6078,61,74,2,93,101,2,123,32,143,152,1,173,1,191,201,1,other
11,24,32,42,7721,65,72,1,92,101,2,122,30,143,152,1,173,1,192,202,1,other
12,14,32,49,1410,63,75,1,94,101,2,121,35,143,152,1,173,1,192,201,1,other
12,6,33,49,1449,62,75,1,91,101,2,123,31,141,152,2,173,2,191,201,1,other
13,15,32,46,392,61,72,4,92,101,4,122,23,143,151,1,173,1,192,201,1,young
12,18,32,40,6260,61,74,3,93,101,3,121,28,143,151,1,172,1,191,201,1,other
14,36,34,40,7855,61,73,4,92,101,2,121,25,142,152,2,173,1,192,201,2,young
11,12,32,43,1680,63,75,3,94,101,1,121,35,143,152,1,173,1,191,201,1,other
14,48,34,43,3578,65,75,4,93,101,1,121,47,143,152,1,173,1,192,201,1,other
11,42,32,43,7174,65,74,4,92,101,3,123,30,143,152,1,174,1,192,201,2,other
11,10,34,42,2132,65,72,2,92,102,3,121,27,143,151,2,173,1,191,202,1,other
11,33,34,42,4281,63,73,1,92,101,4,123,23,143,152,2,173,1,191,201,2,young
12,12,34,40,2366,63,74,3,91,101,3,123,36,143,152,1,174,1,192,201,1,other
11,21,32,43,1835,61,73,3,92,101,2,121,25,143,152,2,173,1,192,201,2,young
14,24,34,41,3868,61,75,4,92,101,2,123,41,143,151,2,174,1,192,201,1,other
14,12,32,42,1768,61,73,3,93,101,2,121,24,143,151,1,172,1,191,201,1,young
13,10,34,40,781,61,75,4,93,101,4,124,63,143,153,2,173,1,192,201,1,other
12,18,32,42,1924,65,72,4,92,101,3,121,27,143,151,1,173,1,191,201,2,other
11,12,34,40,2121,61,73,4,93,101,2,122,30,143,152,2,173,1,191,201,1,other
11,12,32,43,701,61,73,4,94,101,2,121,40,143,152,1,172,1,191,201,1,other
12,12,32,45,639,61,73,4,93,101,2,123,30,143,152,1,173,1,191,201,2,other
12,12,34,41,1860,61,71,4,93,101,2,123,34,143,152,2,174,1,192,201,1,other
11,12,34,40,3499,61,73,3,92,102,2,121,29,143,152,2,173,1,191,201,2,other
12,48,32,40,8487,65,74,1,92,101,2,123,24,143,152,1,173,1,191,201,1,young
11,36,33,46,6887,61,73,4,93,101,3,122,29,142,152,1,173,1,192,201,2,other
14,15,32,42,2708,61,72,2,93,101,3,122,27,141,152,2,172,1,191,201,1,other
14,18,32,42,1984,61,73,4,93,101,4,124,47,141,153,2,173,1,191,201,1,other
14,60,32,43,10144,62,74,2,92,101,4,121,21,143,152,1,173,1,192,201,1,young
14,12,34,43,1240,65,75,4,92,101,2,121,38,143,152,2,173,1,192,201,1,other
14,27,33,41,8613,64,73,2,93,101,2,123,27,143,152,2,173,1,191,201,1,other
12,12,32,43,766,63,73,4,93,101,3,121,66,143,152,1,172,1,191,201,2,other
12,15,34,43,2728,65,74,4,93,103,2,121,35,141,152,3,173,1,192,201,1,other
13,12,32,43,1881,61,73,2,92,101,2,123,44,143,151,1,172,1,192,201,1,other
13,6,32,40,709,64,72,2,94,101,2,121,27,143,152,1,171,1,191,202,1,other
12,36,32,43,4795,61,72,4,92,101,1,124,30,143,152,1,174,1,192,201,1,other
11,27,32,43,3416,61,73,3,93,101,2,123,27,143,152,1,174,1,191,201,1,other
11,18,32,42,2462,61,73,2,93,101,2,123,22,143,152,1,173,1,191,201,2,young
14,21,34,42,2288,61,72,4,92,101,4,122,23,143,152,1,173,1,192,201,1,young
12,48,31,49,3566,62,74,4,93,101,2,123,30,143,152,1,173,1,191,201,1,other
11,6,34,40,860,61,75,1,92,101,4,124,39,143,152,2,173,1,192,201,1,other
14,12,34,40,682,62,74,4,92,101,3,123,51,143,152,2,173,1,192,201,1,other
11,36,34,42,5371,61,73,3,93,103,2,122,28,143,152,2,173,1,191,201,1,other
14,18,34,43,1582,64,75,4,93,101,4,123,46,143,152,2,173,1,191,201,1,other
14,6,32,43,1346,62,75,2,93,101,4,124,42,141,153,1,173,2,192,201,1,other
14,10,32,43,1924,61,73,1,93,101,4,122,38,143,152,1,173,1,192,202,1,other
13,36,32,43,5848,61,73,4,93,101,1,123,24,143,152,1,173,1,191,201,1,young
12,24,34,41,7758,64,75,2,92,101,4,124,29,143,151,1,173,1,191,201,1,other
12,24,33,49,6967,62,74,4,93,101,4,123,36,143,151,1,174,1,192,201,1,other
11,12,32,42,1282,61,73,2,92,101,4,123,20,143,151,1,173,1,191,201,2,young
11,9,34,45,1288,62,75,3,93,103,4,121,48,143,152,2,173,2,191,202,1,other
11,12,31,48,339,61,75,4,94,101,1,123,45,141,152,1,172,1,191,201,1,other
12,24,32,40,3512,62,74,2,93,101,3,123,38,141,152,2,173,1,192,201,1,other
14,6,34,43,1898,65,73,1,93,101,2,121,34,143,152,2,172,2,191,201,1,other
14,24,34,43,2872,62,75,3,93,101,4,121,36,143,152,1,173,2,192,201,1,other
14,18,34,40,1055,61,72,4,92,101,1,122,30,143,152,2,173,1,191,201,1,other
14,15,32,44,1262,63,74,4,93,101,3,122,36,143,152,2,173,1,192,201,1,other
12,10,32,40,7308,61,71,2,93,101,4,124,70,141,153,1,174,1,192,201,1,other
14,36,32,40,909,63,75,4,93,101,4,122,36,143,152,1,173,1,191,201,1,other
14,6,32,42,2978,63,73,1,93,101,2,123,32,143,152,1,173,1,192,201,1,other
11,18,32,42,1131,61,71,4,92,101,2,123,33,143,152,1,173,1,191,201,2,other
12,11,32,42,1577,64,72,4,92,101,1,121,20,143,152,1,173,1,191,201,1,young
14,24,32,42,3972,61,74,2,92,101,4,122,25,143,151,1,173,1,192,201,1,young
12,24,34,49,1935,61,75,4,91,101,4,121,31,143,152,2,173,1,192,201,2,other
11,15,30,40,950,61,75,4,93,101,3,123,33,143,151,2,173,2,191,201,2,other
14,12,32,42,763,61,73,4,92,101,1,121,26,143,152,1,173,1,192,201,1,other
12,24,33,42,2064,61,71,3,92,101,2,122,34,143,152,1,174,1,192,201,2,other
12,8,32,43,1414,61,73,4,93,103,2,121,33,143,152,1,173,1,191,202,1,other
11,21,33,46,3414,61,72,2,93,101,1,122,26,143,152,2,173,1,191,201,2,other
14,30,31,41,7485,65,71,4,92,101,1,121,53,141,152,1,174,1,192,201,2,other
11,12,32,42,2577,61,73,2,91,101,1,123,42,143,152,1,173,1,191,201,1,other
11,6,34,43,338,63,75,4,93,101,4,123,52,143,152,2,173,1,191,201,1,other
14,12,32,43,1963,61,74,4,93,101,2,123,31,143,151,2,174,2,192,201,1,other
11,21,34,40,571,61,75,4,93,101,4,121,65,143,152,2,173,1,191,201,1,other
14,36,33,49,9572,61,72,1,91,101,1,123,28,143,152,2,173,1,191,201,2,other
12,36,33,49,4455,61,73,2,91,101,2,121,30,142,152,2,174,1,192,201,2,other
11,21,31,40,1647,65,73,4,93,101,2,122,40,143,152,2,172,2,191,201,2,other
14,24,34,42,3777,64,73,4,93,101,4,121,50,143,152,1,173,1,192,201,1,other
12,18,34,40,884,61,75,4,93,101,4,123,36,141,152,1,173,2,192,201,2,other
14,15,34,43,1360,61,73,4,93,101,2,122,31,143,152,2,173,1,191,201,1,other
12,9,31,41,5129,61,75,2,92,101,4,124,74,141,153,1,174,2,192,201,2,other
12,16,34,40,1175,61,71,2,93,101,3,123,68,143,153,3,171,1,192,201,1,other
11,12,32,43,674,62,74,4,94,101,1,122,20,143,152,1,173,1,191,201,2,young
12,18,30,42,3244,61,73,1,92,101,4,123,33,141,152,2,173,1,192,201,1,other
14,24,32,49,4591,64,73,2,93,101,3,122,54,143,152,3,174,1,192,201,2,other
12,48,30,49,3844,62,74,4,93,101,4,124,34,143,153,1,172,2,191,201,2,other
12,27,32,49,3915,61,73,4,93,101,2,123,36,143,152,1,173,2,192,201,2,other
14,6,32,43,2108,61,74,2,94,101,2,121,29,143,151,1,173,1,191,201,1,other
12,45,32,43,3031,62,73,4,93,103,4,122,21,143,151,1,173,1,191,201,2,young
12,9,34,46,1501,61,75,2,92,101,3,123,34,143,152,2,174,1,192,201,2,other
14,6,34,43,1382,61,73,1,92,101,1,123,28,143,152,2,173,1,192,201,1,other
12,12,32,42,951,62,72,4,92,101,4,123,27,141,151,4,173,1,191,201,2,other
12,24,32,41,2760,65,75,4,93,101,4,124,36,141,153,1,173,1,192,201,1,other
12,18,33,42,4297,61,75,4,91,101,3,124,40,143,152,1,174,1,192,201,2,other
14,9,34,46,936,63,75,4,93,101,2,123,52,143,152,2,173,1,192,201,1,other
11,12,32,40,1168,61,73,4,94,101,3,121,27,143,152,1,172,1,191,201,1,other
14,27,33,49,5117,61,74,3,93,101,4,123,26,143,152,2,173,1,191,201,1,other
11,12,32,48,902,61,74,4,94,101,4,122,21,143,151,1,173,1,191,201,2,young
14,12,34,40,1495,61,75,4,93,101,1,121,38,143,152,2,172,2,191,201,1,other
11,30,34,41,10623,61,75,3,93,101,4,124,38,143,153,3,174,2,192,201,1,other
14,12,34,42,1935,61,75,4,93,101,4,121,43,143,152,3,173,1,192,201,1,other
12,12,34,44,1424,61,74,4,93,101,3,122,26,143,152,1,173,1,191,201,1,other
11,24,32,49,6568,61,73,2,94,101,2,123,21,142,152,1,172,1,191,201,1,young
14,12,32,41,1413,64,74,3,93,101,2,122,55,143,152,1,173,1,191,202,1,other
14,9,34,43,3074,65,73,1,93,101,2,121,33,143,152,2,173,2,191,201,1,other
14,36,32,43,3835,65,75,2,92,101,4,121,45,143,152,1,172,1,192,201,1,other
11,27,30,49,5293,61,71,2,93,101,4,122,50,142,152,2,173,1,192,201,2,other
13,30,33,49,1908,61,75,4,93,101,4,121,66,143,152,1,174,1,192,201,2,other
14,36,34,43,3342,65,75,4,93,101,2,123,51,143,152,1,173,1,192,201,1,other
12,6,34,48,932,65,74,1,92,101,3,122,39,143,152,2,172,1,191,201,1,other
11,18,30,49,3104,61,74,3,93,101,1,122,31,141,152,1,173,1,192,201,1,other
13,36,32,43,3913,61,73,2,93,101,2,121,23,143,152,1,173,1,192,201,1,young
11,24,32,42,3021,61,73,2,91,101,2,121,24,143,151,1,172,1,191,201,1,young
14,10,32,40,1364,61,73,2,92,101,4,123,64,143,152,1,173,1,192,201,1,other
12,12,32,43,625,61,72,4,94,103,1,121,26,141,152,1,172,1,191,201,1,other
11,12,32,46,1200,65,73,4,92,101,4,122,23,141,151,1,173,1,192,201,1,young
14,12,32,43,707,61,73,4,93,101,2,121,30,141,152,2,173,1,191,201,1,other
14,24,33,49,2978,65,73,4,93,101,4,121,32,143,152,2,173,2,192,201,1,other
14,15,32,41,4657,61,73,3,93,101,2,123,30,143,152,1,173,1,192,201,1,other
14,36,30,45,2613,61,73,4,93,101,2,123,27,143,152,2,173,1,191,201,1,other
12,48,32,43,10961,64,74,1,93,102,2,124,27,141,152,2,173,1,192,201,2,other
11,12,32,42,7865,61,75,4,93,101,4,124,53,143,153,1,174,1,192,201,2,other
14,9,32,43,1478,61,74,4,93,101,2,123,22,143,152,1,173,1,191,201,2,young
11,24,32,42,3149,61,72,4,93,101,1,124,22,141,153,1,173,1,191,201,1,young
13,36,32,43,4210,61,73,4,93,101,2,123,26,143,152,1,173,1,191,201,2,other
14,9,32,40,2507,63,75,2,93,101,4,124,51,143,153,1,172,1,191,201,1,other
14,12,32,43,2141,62,74,3,93,101,1,124,35,143,152,1,173,1,191,201,1,other
12,18,32,43,866,61,73,4,94,103,2,121,25,143,152,1,172,1,191,201,1,young
14,4,34,43,1544,61,74,2,93,101,1,121,42,143,152,3,172,2,191,201,1,other
11,24,32,43,1823,61,71,4,93,101,2,123,30,142,152,1,174,2,191,201,2,other
12,6,32,40,14555,65,71,1,93,101,2,122,23,143,152,1,171,1,192,201,2,young
12,21,32,49,2767,62,75,4,91,101,2,123,61,141,151,2,172,1,191,201,2,other
14,12,34,43,1291,61,73,4,92,101,2,122,35,143,152,2,173,1,191,201,1,other
11,30,32,43,2522,61,75,1,93,103,3,122,39,143,152,1,173,2,191,201,1,other
11,24,32,40,915,65,75,4,92,101,2,123,29,141,152,1,173,1,191,201,2,other
14,6,32,43,1595,61,74,3,93,101,2,122,51,143,152,1,173,2,191,201,1,other
11,48,30,41,4605,61,75,3,93,101,4,124,24,143,153,2,173,2,191,201,2,young
14,12,34,49,1185,61,73,3,92,101,2,121,27,143,152,2,173,1,191,201,1,other
14,12,31,48,3447,63,73,4,92,101,3,121,35,143,152,1,172,2,191,201,1,other
14,24,32,49,1258,61,74,4,93,101,1,121,25,143,152,1,173,1,192,201,1,young
14,12,34,43,717,61,75,4,93,101,4,121,52,143,152,3,173,1,191,201,1,other
14,6,30,40,1204,62,73,4,93,101,1,124,35,141,151,1,173,1,191,202,1,other
13,24,32,42,1925,61,73,2,93,101,2,121,26,143,152,1,173,1,191,201,1,other
14,18,32,43,433,61,71,3,92,102,4,121,22,143,151,1,173,1,191,201,2,young
11,6,34,40,666,64,74,3,92,101,4,121,39,143,152,2,172,1,192,201,1,other
13,12,32,42,2251,61,73,1,92,101,2,123,46,143,152,1,172,1,191,201,1,other
12,30,32,40,2150,61,73,4,92,103,2,124,24,141,152,1,173,1,191,201,2,young
14,24,33,42,4151,62,73,2,93,101,3,122,35,143,152,2,173,1,191,201,1,other
12,9,32,42,2030,65,74,2,93,101,1,123,24,143,152,1,173,1,192,201,1,young
12,60,33,43,7418,65,73,1,93,101,1,121,27,143,152,1,172,1,191,201,1,other
14,24,34,43,2684,61,73,4,93,101,2,121,35,143,152,2,172,1,191,201,1,other
11,12,31,43,2149,61,73,4,91,101,1,124,29,143,153,1,173,1,191,201,2,other
14,15,32,41,3812,62,72,1,92,101,4,123,23,143,152,1,173,1,192,201,1,young
14,11,34,43,1154,62,71,4,92,101,4,121,57,143,152,3,172,1,191,201,1,other
11,12,32,42,1657,61,73,2,93,101,2,121,27,143,152,1,173,1,191,201,1,other
11,24,32,43,1603,61,75,4,92,101,4,123,55,143,152,1,173,1,191,201,1,other
11,18,34,40,5302,61,75,2,93,101,4,124,36,143,153,3,174,1,192,201,1,other
14,12,34,46,2748,61,75,2,92,101,4,124,57,141,153,3,172,1,191,201,1,other
14,10,34,40,1231,61,75,3,93,101,4,121,32,143,152,2,172,2,191,202,1,other
12,15,32,43,802,61,75,4,93,101,3,123,37,143,152,1,173,2,191,201,2,other
14,36,34,49,6304,65,75,4,93,101,4,121,36,143,152,2,173,1,191,201,1,other
14,24,32,43,1533,61,72,4,92,101,3,123,38,142,152,1,173,1,192,201,1,other
11,14,32,40,8978,61,75,1,91,101,4,122,45,143,152,1,174,1,192,202,2,other
14,24,32,43,999,65,75,4,93,101,2,123,25,143,152,2,173,1,191,201,1,young
14,18,32,40,2662,65,74,4,93,101,3,122,32,143,152,1,173,1,191,202,1,other
14,12,34,42,1402,63,74,3,92,101,4,123,37,143,151,1,173,1,192,201,1,other
12,48,31,40,12169,65,71,4,93,102,4,124,36,143,153,1,174,1,192,201,1,other
12,48,32,43,3060,61,74,4,93,101,4,121,28,143,152,2,173,1,191,201,2,other
11,30,32,45,11998,61,72,1,91,101,1,124,34,143,152,1,172,1,192,201,2,other
14,9,32,43,2697,61,73,1,93,101,2,121,32,143,152,1,173,2,191,201,1,other
14,18,34,43,2404,61,73,2,92,101,2,123,26,143,152,2,173,1,191,201,1,other
11,12,32,42,1262,65,75,2,91,101,4,122,49,143,152,1,172,1,192,201,1,other
14,6,32,42,4611,61,72,1,92,101,4,122,32,143,152,1,173,1,191,201,2,other
14,24,32,43,1901,62,73,4,93,101,4,123,29,143,151,1,174,1,192,201,1,other
14,15,34,41,3368,64,75,3,93,101,4,124,23,143,151,2,173,1,192,201,1,young
14,12,32,42,1574,61,73,4,93,101,2,121,50,143,152,1,173,1,191,201,1,other
13,18,31,43,1445,65,74,4,93,101,4,123,49,141,152,1,172,1,191,201,1,other
14,15,34,42,1520,65,75,4,93,101,4,122,63,143,152,1,173,1,191,201,1,other
12,24,34,40,3878,62,72,4,91,101,2,123,37,143,152,1,173,1,192,201,1,other
11,47,32,40,10722,61,72,1,92,101,1,121,35,143,152,1,172,1,192,201,1,other
11,48,32,41,4788,61,74,4,93,101,3,122,26,143,152,1,173,2,191,201,1,other
12,48,33,410,7582,62,71,2,93,101,4,124,31,143,153,1,174,1,192,201,1,other
12,12,32,43,1092,61,73,4,92,103,4,121,49,143,152,2,173,1,192,201,1,other
11,24,33,43,1024,61,72,4,94,101,4,121,48,142,152,1,173,1,191,201,2,other
14,12,32,49,1076,61,73,2,94,101,2,121,26,143,152,1,173,1,192,202,1,other
12,36,32,41,9398,61,72,1,94,101,4,123,28,143,151,1,174,1,192,201,2,other
11,24,34,41,6419,61,75,2,92,101,4,124,44,143,153,2,174,2,192,201,1,other
13,42,34,41,4796,61,75,4,93,101,4,124,56,143,153,1,173,1,191,201,1,other
14,48,34,49,7629,65,75,4,91,101,2,123,46,141,152,2,174,2,191,201,1,other
12,48,32,42,9960,61,72,1,92,101,2,123,26,143,152,1,173,1,192,201,2,other
14,12,32,41,4675,65,72,1,92,101,4,123,20,143,151,1,173,1,191,201,1,young
14,10,32,40,1287,65,75,4,93,102,2,122,45,143,152,1,172,1,191,202,1,other
14,18,32,42,2515,61,73,3,93,101,4,121,43,143,152,1,173,1,192,201,1,other
12,21,34,42,2745,64,74,3,93,101,2,123,32,143,152,2,173,1,192,201,1,other
14,6,32,40,672,61,71,1,92,101,4,121,54,143,152,1,171,1,192,201,1,other
12,36,30,43,3804,61,73,4,92,101,1,123,42,143,152,1,173,1,192,201,2,other
13,24,34,40,1344,65,74,4,93,101,2,121,37,141,152,2,172,2,191,201,2,other
11,10,34,40,1038,61,74,4,93,102,3,122,49,143,152,2,173,1,192,201,1,other
14,48,34,40,10127,63,73,2,93,101,2,124,44,141,153,1,173,1,191,201,2,other
14,6,32,42,1543,64,73,4,91,101,2,121,33,143,152,1,173,1,191,201,1,other
14,30,32,41,4811,65,74,2,92,101,4,122,24,142,151,1,172,1,191,201,1,young
11,12,32,43,727,62,72,4,94,101,3,124,33,143,152,1,172,1,192,201,2,other
12,8,32,42,1237,61,73,3,92,101,4,121,24,143,152,1,173,1,191,201,2,young
12,9,32,40,276,61,73,4,94,101,4,121,22,143,151,1,172,1,191,201,1,young
12,48,32,410,5381,65,71,3,93,101,4,124,40,141,153,1,171,1,192,201,1,other
14,24,32,42,5511,62,73,4,93,101,1,123,25,142,152,1,173,1,191,201,1,young
13,24,32,42,3749,61,72,2,92,101,4,123,26,143,152,1,173,1,191,201,1,other
12,12,32,40,685,61,74,2,94,101,3,123,25,141,152,1,172,1,191,201,2,young
13,4,32,40,1494,65,72,1,93,101,2,121,29,143,152,1,172,2,191,202,1,other
11,36,31,42,2746,61,75,4,93,101,4,123,31,141,152,1,173,1,191,201,2,other
11,12,32,42,708,61,73,2,93,103,3,122,38,143,152,1,172,2,191,201,1,other
12,24,32,42,4351,65,73,1,92,101,4,122,48,143,152,1,172,1,192,201,1,other
14,12,34,46,701,61,73,4,93,101,2,123,32,143,152,2,173,1,191,201,1,other
11,15,33,42,3643,61,75,1,92,101,4,122,27,143,152,2,172,1,191,201,1,other
12,30,34,40,4249,61,71,4,94,101,2,123,28,143,152,2,174,1,191,201,2,other
11,24,32,43,1938,61,72,4,91,101,3,122,32,143,152,1,173,1,191,201,2,other
11,24,32,41,2910,61,74,2,93,101,1,124,34,143,153,1,174,1,192,201,1,other
11,18,32,42,2659,64,73,4,93,101,2,123,28,143,152,1,173,1,191,201,1,other
14,18,34,40,1028,61,73,4,92,101,3,121,36,143,152,2,173,1,191,201,1,other
11,8,34,40,3398,61,74,1,93,101,4,121,39,143,152,2,172,1,191,202,1,other
14,12,34,42,5801,65,75,2,93,101,4,122,49,143,151,1,173,1,192,201,1,other
14,24,32,40,1525,64,74,4,92,101,3,123,34,143,152,1,173,2,192,201,1,other
13,36,32,43,4473,61,75,4,93,101,2,123,31,143,152,1,173,1,191,201,1,other
12,6,32,43,1068,61,75,4,93,101,4,123,28,143,152,1,173,2,191,201,1,other
11,24,34,41,6615,61,71,2,93,101,4,124,75,143,153,2,174,1,192,201,1,other
14,18,34,46,1864,62,73,4,92,101,2,121,30,143,152,2,173,1,191,201,2,other
12,60,32,40,7408,62,72,4,92,101,2,122,24,143,152,1,174,1,191,201,2,young
14,48,34,41,11590,62,73,2,92,101,4,123,24,141,151,2,172,1,191,201,2,young
11,24,30,42,4110,61,75,3,93,101,4,124,23,141,151,2,173,2,191,201,2,young
11,6,34,42,3384,61,73,1,91,101,4,121,44,143,151,1,174,1,192,201,2,other
12,13,32,43,2101,61,72,2,92,103,4,122,23,143,152,1,172,1,191,201,1,young
11,15,32,44,1275,65,73,4,92,101,2,123,24,143,151,1,173,1,191,201,2,young
11,24,32,42,4169,61,73,4,93,101,4,122,28,143,152,1,173,1,191,201,1,other
12,10,32,42,1521,61,73,4,91,101,2,123,31,143,152,1,172,1,191,201,1,other
12,24,34,46,5743,61,72,2,92,101,4,124,24,143,153,2,173,1,192,201,1,young
11,21,32,42,3599,61,74,1,92,101,4,123,26,143,151,1,172,1,191,201,1,other
12,18,32,43,3213,63,72,1,94,101,3,121,25,143,151,1,173,1,191,201,1,young
12,18,32,49,4439,61,75,1,93,102,1,121,33,141,152,1,174,1,192,201,1,other
13,10,32,40,3949,61,72,1,93,103,1,122,37,143,152,1,172,2,191,201,1,other
14,15,34,43,1459,61,73,4,92,101,2,123,43,143,152,1,172,1,191,201,1,other
12,13,34,43,882,61,72,4,93,103,4,121,23,143,152,2,173,1,191,201,1,young
12,24,32,43,3758,63,71,1,92,101,4,124,23,143,151,1,171,1,191,201,1,young
14,6,33,49,1743,62,73,1,93,101,2,121,34,143,152,2,172,1,191,201,1,other
12,9,34,46,1136,64,75,4,93,101,3,124,32,143,153,2,173,2,191,201,2,other
14,9,32,44,1236,61,72,1,92,101,4,121,23,143,151,1,173,1,192,201,1,young
12,9,32,42,959,61,73,1,92,101,2,123,29,143,152,1,173,1,191,202,2,other
14,18,34,41,3229,65,71,2,93,101,4,124,38,143,152,1,174,1,192,201,1,other
11,12,30,43,6199,61,73,4,93,101,2,122,28,143,151,2,173,1,192,201,2,other
14,10,32,46,727,63,75,4,93,101,4,124,46,143,153,1,173,1,192,201,1,other
12,24,32,40,1246,61,72,4,93,101,2,121,23,142,152,1,172,1,191,201,2,young
14,12,34,43,2331,65,75,1,93,102,4,121,49,143,152,1,173,1,192,201,1,other
14,36,33,43,4463,61,73,4,93,101,2,123,26,143,152,2,174,1,192,201,2,other
14,12,32,43,776,61,73,4,94,101,2,121,28,143,152,1,173,1,191,201,1,other
11,30,32,42,2406,61,74,4,92,101,4,121,23,143,151,1,173,1,191,201,2,young
12,18,32,46,1239,65,73,4,93,101,4,124,61,143,153,1,173,1,191,201,1,other
13,12,32,43,3399,65,75,2,93,101,3,123,37,143,152,1,174,1,191,201,1,other
13,12,33,40,2247,61,73,2,92,101,2,123,36,142,152,2,173,1,192,201,1,other
14,6,32,42,1766,61,73,1,94,101,2,122,21,143,151,1,173,1,191,201,1,young
11,18,32,42,2473,61,71,4,93,101,1,123,25,143,152,1,171,1,191,201,2,young
14,12,32,49,1542,61,74,2,93,101,4,123,36,143,152,1,173,1,192,201,1,other
14,18,34,41,3850,61,74,3,93,101,1,123,27,143,152,2,173,1,191,201,1,other
11,18,32,42,3650,61,72,1,92,101,4,123,22,143,151,1,173,1,191,201,1,young
11,36,32,42,3446,61,75,4,93,101,2,123,42,143,152,1,173,2,191,201,2,other
12,18,32,42,3001,61,74,2,92,101,4,121,40,143,151,1,173,1,191,201,1,other
14,36,32,40,3079,65,73,4,93,101,4,121,36,143,152,1,173,1,191,201,1,other
14,18,34,43,6070,61,75,3,93,101,4,123,33,143,152,2,173,1,192,201,1,other
14,10,34,42,2146,61,72,1,92,101,3,121,23,143,151,2,173,1,191,201,1,young
14,60,34,40,13756,65,75,2,93,101,4,124,63,141,153,1,174,1,192,201,1,other
12,60,31,410,14782,62,75,3,92,101,4,124,60,141,153,2,174,1,192,201,2,other
11,48,31,49,7685,61,74,2,92,103,4,123,37,143,151,1,173,1,191,201,2,other
14,18,33,43,2320,61,71,2,94,101,3,121,34,143,152,2,173,1,191,201,1,other
14,7,33,43,846,65,75,3,93,101,4,124,36,143,153,1,173,1,191,201,1,other
12,36,32,40,14318,61,75,4,93,101,2,124,57,143,153,1,174,1,192,201,2,other
14,6,34,40,362,62,73,4,92,101,4,123,52,143,152,2,172,1,191,201,1,other
11,20,32,42,2212,65,74,4,93,101,4,123,39,143,152,1,173,1,192,201,1,other
12,18,32,41,12976,61,71,3,92,101,4,124,38,143,153,1,174,1,192,201,2,other
14,22,32,40,1283,65,74,4,92,101,4,122,25,143,151,1,173,1,191,201,1,young
13,12,32,40,1330,61,72,4,93,101,1,121,26,143,152,1,173,1,191,201,1,other
14,30,33,49,4272,62,73,2,93,101,2,122,26,143,152,2,172,1,191,201,1,other
14,18,34,43,2238,61,73,2,92,101,1,123,25,143,152,2,173,1,191,201,1,young
14,18,32,43,1126,65,72,4,92,101,2,121,21,143,151,1,173,1,192,201,1,young
12,18,34,42,7374,61,71,4,93,101,4,122,40,142,152,2,174,1,192,201,1,other
12,15,34,49,2326,63,73,2,93,101,4,123,27,141,152,1,173,1,191,201,1,other
14,9,32,49,1449,61,74,3,92,101,2,123,27,143,152,2,173,1,191,201,1,other
14,18,32,40,1820,61,73,2,94,101,2,122,30,143,152,1,174,1,192,201,1,other
12,12,32,42,983,64,72,1,92,101,4,121,19,143,151,1,172,1,191,201,1,young
11,36,32,40,3249,61,74,2,93,101,4,124,39,141,153,1,174,2,192,201,1,other
11,6,34,43,1957,61,74,1,92,101,4,123,31,143,152,1,173,1,191,201,1,other
14,9,34,42,2406,61,71,2,93,101,3,123,31,143,152,1,174,1,191,201,1,other
12,39,33,46,11760,62,74,2,93,101,3,124,32,143,151,1,173,1,192,201,1,other
11,12,32,42,2578,61,71,3,92,101,4,124,55,143,153,1,174,1,191,201,1,other
11,36,34,42,2348,61,73,3,94,101,2,122,46,143,152,2,173,1,192,201,1,other
12,12,32,40,1223,61,75,1,91,101,1,121,46,143,151,2,173,1,191,201,2,other
14,24,34,43,1516,64,73,4,92,101,1,121,43,143,152,2,172,1,191,201,1,other
14,18,32,43,1473,61,72,3,94,101,4,121,39,143,152,1,173,1,192,201,1,other
12,18,34,49,1887,65,73,4,94,101,4,121,28,141,152,2,173,1,191,201,1,other
14,24,33,49,8648,61,72,2,93,101,2,123,27,141,152,2,173,1,192,201,2,other
14,14,33,40,802,61,73,4,93,101,2,123,27,143,152,2,172,1,191,201,1,other
12,18,33,40,2899,65,75,4,93,101,4,123,43,143,152,1,173,2,191,201,1,other
12,24,32,43,2039,61,72,1,94,101,1,122,22,143,152,1,173,1,192,201,2,young
14,24,34,41,2197,65,74,4,93,101,4,123,43,143,152,2,173,2,192,201,1,other
11,15,32,43,1053,61,72,4,94,101,2,121,27,143,152,1,173,1,191,202,1,other
14,24,32,43,3235,63,75,3,91,101,2,123,26,143,152,1,174,1,192,201,1,other
13,12,34,40,939,63,74,4,94,101,2,121,28,143,152,3,173,1,192,201,2,other
12,24,32,43,1967,61,75,4,92,101,4,123,20,143,152,1,173,1,192,201,1,young
14,33,34,41,7253,61,74,3,93,101,2,123,35,143,152,2,174,1,192,201,1,other
14,12,34,49,2292,61,71,4,93,101,2,123,42,142,152,2,174,1,192,201,2,other
14,10,32,40,1597,63,73,3,93,101,2,124,40,143,151,1,172,2,191,202,1,other
11,24,32,40,1381,65,73,4,92,101,2,122,35,143,152,1,173,1,191,201,2,other
14,36,34,41,5842,61,75,2,93,101,2,122,35,143,152,2,173,2,192,201,1,other
11,12,32,40,2579,61,72,4,93,101,1,121,33,143,152,1,172,2,191,201,2,other
11,18,33,46,8471,65,73,1,92,101,2,123,23,143,151,2,173,1,192,201,1,young
14,21,32,40,2782,63,74,1,92,101,2,123,31,141,152,1,174,1,191,201,1,other
12,18,32,40,1042,65,73,4,92,101,2,122,33,143,152,1,173,1,191,201,2,other
14,15,32,40,3186,64,74,2,92,101,3,123,20,143,151,1,173,1,191,201,1,young
12,12,32,41,2028,65,73,4,93,101,2,123,30,143,152,1,173,1,191,201,1,other
12,12,34,40,958,61,74,2,93,101,3,121,47,143,152,2,172,2,191,201,1,other
14,21,33,42,1591,62,74,4,93,101,3,121,34,143,152,2,174,1,191,201,1,other
12,12,32,42,2762,65,75,1,92,101,2,122,25,141,152,1,173,1,192,201,2,young
12,18,32,41,2779,61,73,1,94,101,3,123,21,143,151,1,173,1,192,201,1,young
14,28,34,43,2743,61,75,4,93,101,2,123,29,143,152,2,173,1,191,201,1,other
14,18,34,43,1149,64,73,4,93,101,3,121,46,143,152,2,173,1,191,201,1,other
14,9,32,42,1313,61,75,1,93,101,4,123,20,143,152,1,173,1,191,201,1,young
11,18,34,45,1190,61,71,2,92,101,4,124,55,143,153,3,171,2,191,201,2,other
14,5,32,49,3448,61,74,1,93,101,4,121,74,143,152,1,172,1,191,201,1,other
12,24,32,410,11328,61,73,2,93,102,3,123,29,141,152,2,174,1,192,201,2,other
11,6,34,42,1872,61,71,4,93,101,4,124,36,143,153,3,174,1,192,201,1,other
14,24,34,45,2058,61,73,4,91,101,2,121,33,143,152,2,173,1,192,201,1,other
11,9,32,42,2136,61,73,3,93,101,2,121,25,143,152,1,173,1,191,201,1,young
12,12,32,43,1484,65,73,2,94,101,1,121,25,143,152,1,173,1,192,201,2,young
14,6,32,45,660,63,74,2,94,101,4,121,23,143,151,1,172,1,191,201,1,young
14,24,34,40,1287,64,75,4,92,101,4,121,37,143,152,2,173,1,192,201,1,other
11,42,34,45,3394,61,71,4,93,102,4,123,65,143,152,2,171,1,191,201,1,other
13,12,31,49,609,61,72,4,92,101,1,121,26,143,152,1,171,1,191,201,2,other
14,12,32,40,1884,61,75,4,93,101,4,123,39,143,152,1,174,1,192,201,1,other
11,12,32,42,1620,61,73,2,92,102,3,122,30,143,152,1,173,1,191,201,1,other
12,20,33,410,2629,61,73,2,93,101,3,123,29,141,152,2,173,1,192,201,1,other
14,12,32,46,719,61,75,4,93,101,4,123,41,141,152,1,172,2,191,201,2,other
12,48,34,42,5096,61,73,2,92,101,3,123,30,143,152,1,174,1,192,201,2,other
14,9,34,46,1244,65,75,4,92,101,4,122,41,143,151,2,172,1,191,201,1,other
11,36,32,40,1842,61,72,4,92,101,4,123,34,143,152,1,173,1,192,201,2,other
12,7,32,43,2576,61,73,2,93,103,2,121,35,143,152,1,173,1,191,201,1,other
13,12,32,42,1424,65,75,3,92,101,4,121,55,143,152,1,174,1,192,201,1,other
12,15,33,45,1512,64,73,3,94,101,3,122,61,142,152,2,173,1,191,201,2,other
14,36,34,41,11054,65,73,4,93,101,2,123,30,143,152,1,174,1,192,201,1,other
14,6,32,43,518,61,73,3,92,101,1,121,29,143,152,1,173,1,191,201,1,other
14,12,30,42,2759,61,75,2,93,101,4,122,34,143,152,2,173,1,191,201,1,other
14,24,32,41,2670,61,75,4,93,101,4,123,35,143,152,1,174,1,192,201,1,other
11,24,32,40,4817,61,74,2,93,102,3,122,31,143,152,1,173,1,192,201,2,other
14,24,32,41,2679,61,72,4,92,101,1,124,29,143,152,1,174,1,192,201,1,other
11,11,34,40,3905,61,73,2,93,101,2,121,36,143,151,2,173,2,191,201,1,other
11,12,32,41,3386,61,75,3,93,101,4,124,35,143,153,1,173,1,192,201,2,other
11,6,32,44,343,61,72,4,92,101,1,121,27,143,152,1,173,1,191,201,1,other
14,18,32,43,4594,61,72,3,93,101,2,123,32,143,152,1,173,1,192,201,1,other
11,36,32,42,3620,61,73,1,93,103,2,122,37,143,152,1,173,2,191,201,1,other
11,15,32,40,1721,61,72,2,93,101,3,121,36,143,152,1,173,1,191,201,1,other
12,12,32,42,3017,61,72,3,92,101,1,121,34,143,151,1,174,1,191,201,1,other
12,12,32,48,754,65,75,4,93,101,4,122,38,143,152,2,173,1,191,201,1,other
14,18,32,49,1950,61,74,4,93,101,1,123,34,142,152,2,173,1,192,201,1,other
11,24,32,41,2924,61,73,3,93,103,4,124,63,141,152,1,173,2,192,201,1,other
11,24,33,43,1659,61,72,4,92,101,2,123,29,143,151,1,172,1,192,201,2,other
14,48,33,43,7238,65,75,3,93,101,3,123,32,141,152,2,173,2,191,201,1,other
14,33,33,49,2764,61,73,2,92,101,2,123,26,143,152,2,173,1,192,201,1,other
14,24,33,41,4679,61,74,3,93,101,3,123,35,143,152,2,172,1,192,201,1,other
12,24,32,43,3092,62,72,3,94,101,2,123,22,143,151,1,173,1,192,201,2,young
11,6,32,46,448,61,72,4,92,101,4,122,23,143,152,1,173,1,191,201,2,young
11,9,32,40,654,61,73,4,93,101,3,123,28,143,152,1,172,1,191,201,2,other
14,6,32,48,1238,65,71,4,93,101,4,122,36,143,152,1,174,2,192,201,1,other
12,18,34,43,1245,61,73,4,94,101,2,123,33,143,152,1,173,1,191,201,2,other
11,18,30,42,3114,61,72,1,92,101,4,122,26,143,151,1,173,1,191,201,2,other
14,39,32,41,2569,63,73,4,93,101,4,123,24,143,152,1,173,1,191,201,1,young
13,24,32,43,5152,61,74,4,93,101,2,123,25,141,152,1,173,1,191,201,1,young
12,12,32,49,1037,62,74,3,93,101,4,121,39,143,152,1,172,1,191,201,1,other
11,15,34,42,1478,61,75,4,93,101,4,123,44,143,152,2,173,2,192,201,1,other
12,12,34,43,3573,61,73,1,92,101,1,121,23,143,152,1,172,1,191,201,1,young
12,24,32,40,1201,61,72,4,93,101,1,122,26,143,152,1,173,1,191,201,1,other
11,30,32,42,3622,64,75,4,92,101,4,122,57,143,151,2,173,1,192,201,1,other
14,15,33,42,960,64,74,3,92,101,2,122,30,143,152,2,173,1,191,201,1,other
14,12,34,40,1163,63,73,4,93,101,4,121,44,143,152,1,173,1,192,201,1,other
12,6,33,40,1209,61,71,4,93,101,4,122,47,143,152,1,174,1,192,201,2,other
14,12,32,43,3077,61,73,2,93,101,4,123,52,143,152,1,173,1,192,201,1,other
14,24,32,40,3757,61,75,4,92,102,4,124,62,143,153,1,173,1,192,201,1,other
14,10,32,40,1418,62,73,3,93,101,2,121,35,143,151,1,172,1,191,202,1,other
14,6,32,40,3518,61,73,2,93,103,3,122,26,143,151,1,173,1,191,201,1,other
14,12,34,43,1934,61,75,2,93,101,2,124,26,143,152,2,173,1,191,201,1,other
12,27,30,49,8318,61,75,2,92,101,4,124,42,143,153,2,174,1,192,201,2,other
14,6,34,43,1237,62,73,1,92,101,1,122,27,143,152,2,173,1,191,201,1,other
12,6,32,43,368,65,75,4,93,101,4,122,38,143,152,1,173,1,191,201,1,other
11,12,34,40,2122,61,73,3,93,101,2,121,39,143,151,2,172,2,191,202,1,other
11,24,32,42,2996,65,73,2,94,101,4,123,20,143,152,1,173,1,191,201,2,young
12,36,32,42,9034,62,72,4,93,102,1,124,29,143,151,1,174,1,192,201,2,other
14,24,34,42,1585,61,74,4,93,101,3,122,40,143,152,2,173,1,191,201,1,other
12,18,32,43,1301,61,75,4,94,103,2,121,32,143,152,1,172,1,191,201,1,other
13,6,34,40,1323,62,75,2,91,101,4,123,28,143,152,2,173,2,192,201,1,other
11,24,32,40,3123,61,72,4,92,101,1,122,27,143,152,1,173,1,191,201,2,other
11,36,32,41,5493,61,75,2,93,101,4,124,42,143,153,1,173,2,191,201,1,other
13,9,32,43,1126,62,75,2,91,101,4,121,49,143,152,1,173,1,191,201,1,other
12,24,34,43,1216,62,72,4,93,101,4,124,38,141,152,2,173,2,191,201,2,other
11,24,32,40,1207,61,72,4,92,101,4,122,24,143,151,1,173,1,191,201,2,young
14,10,32,40,1309,65,73,4,93,103,4,122,27,143,152,1,172,1,191,201,2,other
13,15,34,41,2360,63,73,2,93,101,2,123,36,143,152,1,173,1,192,201,1,other
12,15,31,40,6850,62,71,1,93,101,2,122,34,143,152,1,174,2,192,201,2,other
14,24,32,43,1413,61,73,4,94,101,2,122,28,143,152,1,173,1,191,201,1,other
14,39,32,41,8588,62,75,4,93,101,2,123,45,143,152,1,174,1,192,201,1,other
11,12,32,40,759,61,74,4,93,101,2,121,26,143,152,1,173,1,191,201,2,other
14,36,32,41,4686,61,73,2,93,101,2,124,32,143,153,1,174,1,192,201,1,other
13,15,32,49,2687,61,74,2,93,101,4,122,26,143,151,1,173,1,192,201,1,other
12,12,33,43,585,61,73,4,94,102,4,121,20,143,151,2,173,1,191,201,1,young
14,24,32,40,2255,65,72,4,93,101,1,122,54,143,152,1,173,1,191,201,1,other
11,6,34,40,609,61,74,4,92,101,3,122,37,143,152,2,173,1,191,202,1,other
11,6,34,40,1361,61,72,2,93,101,4,121,40,143,152,1,172,2,191,202,1,other
14,36,34,42,7127,61,72,2,92,101,4,122,23,143,151,2,173,1,192,201,2,young
11,6,32,40,1203,62,75,3,93,101,2,122,43,143,152,1,173,1,192,201,1,other
14,6,34,43,700,65,75,4,93,101,4,124,36,143,153,2,173,1,191,201,1,other
14,24,34,45,5507,61,75,3,93,101,4,124,44,143,153,2,173,1,191,201,1,other
11,18,32,43,3190,61,73,2,92,101,2,121,24,143,152,1,173,1,191,201,2,young
11,48,30,42,7119,61,73,3,93,101,4,124,53,143,153,2,173,2,191,201,2,other
14,24,32,41,3488,62,74,3,92,101,4,123,23,143,152,1,173,1,191,201,1,young
12,18,32,43,1113,61,73,4,92,103,4,121,26,143,152,1,172,2,191,201,1,other
12,26,32,41,7966,61,72,2,93,101,3,123,30,143,152,2,173,1,191,201,1,other
14,15,34,46,1532,62,73,4,92,101,3,123,31,143,152,1,173,1,191,201,1,other
14,4,34,43,1503,61,74,2,93,101,1,121,42,143,152,2,172,2,191,201,1,other
11,36,32,43,2302,61,73,4,91,101,4,123,31,143,151,1,173,1,191,201,2,other
11,6,32,40,662,61,72,3,93,101,4,121,41,143,152,1,172,2,192,201,1,other
12,36,32,46,2273,61,74,3,93,101,1,123,32,143,152,2,173,2,191,201,1,other
12,15,32,40,2631,62,73,2,92,101,4,123,28,143,151,2,173,1,192,201,2,other
14,12,33,41,1503,61,73,4,94,101,4,121,41,143,151,1,173,1,191,201,1,other
14,24,32,43,1311,62,74,4,94,101,3,122,26,143,152,1,173,1,192,201,1,other
14,24,32,43,3105,65,72,4,93,101,2,123,25,143,152,2,173,1,191,201,1,young
13,21,34,46,2319,61,72,2,91,101,1,123,33,143,151,1,173,1,191,201,2,other
11,6,32,40,1374,65,71,4,92,101,3,122,75,143,152,1,174,1,192,201,1,other
12,18,34,42,3612,61,75,3,92,101,4,122,37,143,152,1,173,1,192,201,1,other
11,48,32,40,7763,61,75,4,93,101,4,124,42,141,153,1,174,1,191,201,2,other
13,18,32,42,3049,61,72,1,92,101,1,122,45,142,152,1,172,1,191,201,1,other
12,12,32,43,1534,61,72,1,94,101,1,121,23,143,151,1,173,1,191,201,2,young
14,24,33,40,2032,61,75,4,93,101,4,124,60,143,153,2,173,1,192,201,1,other
11,30,32,42,6350,65,75,4,93,101,4,122,31,143,152,1,173,1,191,201,2,other
13,18,32,42,2864,61,73,2,93,101,1,121,34,143,152,1,172,2,191,201,2,other
14,12,34,40,1255,61,75,4,93,101,4,121,61,143,152,2,172,1,191,201,1,other
11,24,33,40,1333,61,71,4,93,101,2,121,43,143,153,2,173,2,191,201,2,other
14,24,34,40,2022,61,73,4,92,101,4,123,37,143,152,1,173,1,192,201,1,other
14,24,32,43,1552,61,74,3,93,101,1,123,32,141,152,1,173,2,191,201,1,other
11,12,31,43,626,61,73,4,92,101,4,121,24,141,152,1,172,1,191,201,2,young
14,48,34,41,8858,65,74,2,93,101,1,124,35,143,153,2,173,1,192,201,1,other
14,12,34,45,996,65,74,4,92,101,4,121,23,143,152,2,173,1,191,201,1,young
14,6,31,43,1750,63,75,2,93,101,4,122,45,141,152,1,172,2,191,201,1,other
11,48,32,43,6999,61,74,1,94,103,1,121,34,143,152,2,173,1,192,201,2,other
12,12,34,40,1995,62,72,4,93,101,1,123,27,143,152,1,173,1,191,201,1,other
12,9,32,46,1199,61,74,4,92,101,4,122,67,143,152,2,174,1,192,201,1,other
12,12,32,43,1331,61,72,2,93,101,1,123,22,142,152,1,173,1,191,201,2,young
12,18,30,40,2278,62,72,3,92,101,3,123,28,143,152,2,173,1,191,201,2,other
14,21,30,40,5003,65,73,1,92,101,4,122,29,141,152,2,173,1,192,201,2,other
11,24,31,42,3552,61,74,3,93,101,4,123,27,141,152,1,173,1,191,201,2,other
12,18,34,42,1928,61,72,2,93,101,2,121,31,143,152,2,172,1,191,201,2,other
11,24,32,41,2964,65,75,4,93,101,4,124,49,141,153,1,173,2,192,201,1,other
11,24,31,43,1546,61,74,4,93,103,4,123,24,141,151,1,172,1,191,201,2,young
13,6,33,43,683,61,72,2,92,101,1,122,29,141,152,1,173,1,191,201,1,other
12,36,32,40,12389,65,73,1,93,101,4,124,37,143,153,1,173,1,192,201,2,other
12,24,33,49,4712,65,73,4,93,101,2,122,37,141,152,2,174,1,192,201,1,other
12,24,33,43,1553,62,74,3,92,101,2,122,23,143,151,2,173,1,192,201,1,young
11,12,32,40,1372,61,74,2,91,101,3,123,36,143,152,1,173,1,191,201,2,other
14,24,34,43,2578,64,75,2,93,101,2,123,34,143,152,1,173,1,191,201,1,other
12,48,32,43,3979,65,74,4,93,101,1,123,41,143,152,2,173,2,192,201,1,other
11,48,32,43,6758,61,73,3,92,101,2,123,31,143,152,1,173,1,192,201,2,other
11,24,32,42,3234,61,72,4,92,101,4,121,23,143,151,1,172,1,192,201,2,young
14,30,34,43,5954,61,74,3,93,102,2,123,38,143,152,1,173,1,191,201,1,other
14,24,32,41,5433,65,71,2,92,101,4,122,26,143,151,1,174,1,192,201,1,other
11,15,32,49,806,61,73,4,92,101,4,122,22,143,152,1,172,1,191,201,1,young
12,9,32,43,1082,61,75,4,93,101,4,123,27,143,152,2,172,1,191,201,1,other
14,15,34,42,2788,61,74,2,92,102,3,123,24,141,152,2,173,1,191,201,1,young
12,12,32,43,2930,61,74,2,92,101,1,121,27,143,152,1,173,1,191,201,1,other
14,24,34,46,1927,65,73,3,92,101,2,123,33,143,152,2,173,1,192,201,1,other
12,36,34,40,2820,61,72,4,91,101,4,123,27,143,152,2,173,1,191,201,2,other
14,24,32,48,937,61,72,4,94,101,3,123,27,143,152,2,172,1,191,201,1,other
12,18,34,40,1056,61,75,3,93,103,3,121,30,141,152,2,173,1,191,201,2,other
12,12,34,40,3124,61,72,1,93,101,3,121,49,141,152,2,172,2,191,201,1,other
14,9,32,42,1388,61,73,4,92,101,2,121,26,143,151,1,173,1,191,201,1,other
12,36,32,45,2384,61,72,4,93,101,1,124,33,143,151,1,172,1,191,201,2,other
14,12,32,40,2133,65,75,4,92,101,4,124,52,143,153,1,174,1,192,201,1,other
11,18,32,42,2039,61,73,1,92,101,4,121,20,141,151,1,173,1,191,201,2,young
11,9,34,40,2799,61,73,2,93,101,2,121,36,143,151,2,173,2,191,201,1,other
11,12,32,42,1289,61,73,4,93,103,1,122,21,143,152,1,172,1,191,201,1,young
11,18,32,44,1217,61,73,4,94,101,3,121,47,143,152,1,172,1,192,201,2,other
11,12,34,42,2246,61,75,3,93,101,3,122,60,143,152,2,173,1,191,201,2,other
11,12,34,43,385,61,74,4,92,101,3,121,58,143,152,4,172,1,192,201,1,other
12,24,33,40,1965,65,73,4,92,101,4,123,42,143,151,2,173,1,192,201,1,other
14,21,32,49,1572,64,75,4,92,101,4,121,36,141,152,1,172,1,191,201,1,other
12,24,32,40,2718,61,73,3,92,101,4,122,20,143,151,1,172,1,192,201,2,young
11,24,31,410,1358,65,75,4,93,101,3,123,40,142,152,1,174,1,192,201,2,other
12,6,31,40,931,62,72,1,92,101,1,122,32,142,152,1,172,1,191,201,2,other
11,24,32,40,1442,61,74,4,92,101,4,123,23,143,151,2,173,1,191,201,2,young
12,24,30,49,4241,61,73,1,93,101,4,121,36,143,152,3,172,1,192,201,2,other
14,18,34,40,2775,61,74,2,93,101,2,122,31,141,152,2,173,1,191,201,2,other
14,24,33,49,3863,61,73,1,93,101,2,124,32,143,153,1,173,1,191,201,1,other
12,7,32,43,2329,61,72,1,92,103,1,121,45,143,152,1,173,1,191,201,1,other
12,9,32,42,918,61,73,4,92,101,1,122,30,143,152,1,173,1,191,201,2,other
12,24,31,46,1837,61,74,4,92,101,4,124,34,141,153,1,172,1,191,201,2,other
14,36,32,42,3349,61,73,4,92,101,2,123,28,143,152,1,174,1,192,201,2,other
13,10,32,42,1275,61,72,4,92,101,2,122,23,143,152,1,173,1,191,201,1,young
11,24,31,42,2828,63,73,4,93,101,4,121,22,142,152,1,173,1,192,201,1,young
14,24,34,49,4526,61,73,3,93,101,2,121,74,143,152,1,174,1,192,201,1,other
12,36,32,43,2671,62,73,4,92,102,4,124,50,143,153,1,173,1,191,201,2,other
14,18,32,43,2051,61,72,4,93,101,1,121,33,143,152,1,173,1,191,201,1,other
14,15,32,41,1300,65,75,4,93,101,4,124,45,141,153,1,173,2,191,201,1,other
11,12,32,44,741,62,71,4,92,101,3,122,22,143,152,1,173,1,191,201,2,young
13,10,32,40,1240,62,75,1,92,101,4,124,48,143,153,1,172,2,191,201,2,other
11,21,32,43,3357,64,72,4,92,101,2,123,29,141,152,1,173,1,191,201,1,other
11,24,31,41,3632,61,73,1,92,103,4,123,22,141,151,1,173,1,191,202,1,young
14,18,33,42,1808,61,74,4,92,101,1,121,22,143,152,1,173,1,191,201,2,young
12,48,30,49,12204,65,73,2,93,101,2,123,48,141,152,1,174,1,192,201,1,other
12,60,33,43,9157,65,73,2,93,101,2,124,27,143,153,1,174,1,191,201,1,other
11,6,34,40,3676,61,73,1,93,101,3,121,37,143,151,3,173,2,191,201,1,other
12,30,32,42,3441,62,73,2,92,102,4,123,21,143,151,1,173,1,191,201,2,young
14,12,32,40,640,61,73,4,91,101,2,121,49,143,152,1,172,1,191,201,1,other
12,21,34,49,3652,61,74,2,93,101,3,122,27,143,152,2,173,1,191,201,1,other
14,18,34,40,1530,61,73,3,93,101,2,122,32,141,152,2,173,1,191,201,2,other
14,48,32,49,3914,65,73,4,91,101,2,121,38,141,152,1,173,1,191,201,2,other
11,12,32,42,1858,61,72,4,92,101,1,123,22,143,151,1,173,1,191,201,1,young
11,18,32,43,2600,61,73,4,93,101,4,124,65,143,153,2,173,1,191,201,2,other
14,15,32,43,1979,65,75,4,93,101,2,123,35,143,152,1,173,1,191,201,1,other
13,6,32,42,2116,61,73,2,93,101,2,121,41,143,152,1,173,1,192,201,1,other
12,9,31,40,1437,62,74,2,93,101,3,124,29,143,152,1,173,1,191,201,2,other
14,42,34,42,4042,63,73,4,93,101,4,121,36,143,152,2,173,1,192,201,1,other
14,9,32,46,3832,65,75,1,93,101,4,121,64,143,152,1,172,1,191,201,1,other
11,24,32,43,3660,61,73,2,92,101,4,123,28,143,152,1,173,1,191,201,1,other
11,18,31,42,1553,61,73,4,93,101,3,123,44,141,152,1,173,1,191,201,2,other
12,15,32,43,1444,65,72,4,93,101,1,122,23,143,152,1,173,1,191,201,1,young
14,9,32,42,1980,61,72,2,92,102,2,123,19,143,151,2,173,1,191,201,2,young
12,24,32,40,1355,61,72,3,92,101,4,123,25,143,152,1,172,1,192,201,2,young
14,12,32,46,1393,61,75,4,93,101,4,122,47,141,152,3,173,2,192,201,1,other
14,24,32,43,1376,63,74,4,92,101,1,123,28,143,152,1,173,1,191,201,1,other
14,60,33,43,15653,61,74,2,93,101,4,123,21,143,152,2,173,1,192,201,1,young
14,12,32,43,1493,61,72,4,92,101,3,123,34,143,152,1,173,2,191,201,1,other
11,42,33,43,4370,61,74,3,93,101,2,122,26,141,152,2,173,2,192,201,2,other
11,18,32,46,750,61,71,4,92,101,1,121,27,143,152,1,171,1,191,201,2,other
12,15,32,45,1308,61,75,4,93,101,4,123,38,143,152,2,172,1,191,201,1,other
14,15,32,46,4623,62,73,3,93,101,2,122,40,143,152,1,174,1,192,201,2,other
14,24,34,43,1851,61,74,4,94,103,2,123,33,143,152,2,173,1,192,201,1,other
11,18,34,43,1880,61,74,4,94,101,1,122,32,143,152,2,174,1,192,201,1,other
14,36,33,49,7980,65,72,4,93,101,4,123,27,143,151,2,173,1,192,201,2,other
11,30,30,42,4583,61,73,2,91,103,2,121,32,143,152,2,173,1,191,201,1,other
14,12,32,40,1386,63,73,2,92,101,2,122,26,143,152,1,173,1,191,201,2,other
13,24,32,40,947,61,74,4,93,101,3,124,38,141,153,1,173,2,191,201,2,other
11,12,32,46,684,61,73,4,93,101,4,123,40,143,151,1,172,2,191,201,2,other
11,48,32,46,7476,61,74,4,93,101,1,124,50,143,153,1,174,1,192,201,1,other
12,12,32,42,1922,61,73,4,93,101,2,122,37,143,152,1,172,1,191,201,2,other
11,24,32,40,2303,61,75,4,93,102,1,121,45,143,152,1,173,1,191,201,2,other
12,36,33,40,8086,62,75,2,93,101,4,123,42,143,152,4,174,1,192,201,2,other
14,24,34,41,2346,61,74,4,93,101,3,123,35,143,152,2,173,1,192,201,1,other
11,14,32,40,3973,61,71,1,93,101,4,124,22,143,153,1,173,1,191,201,1,young
12,12,32,40,888,61,75,4,93,101,4,123,41,141,152,1,172,2,191,201,2,other
14,48,32,43,10222,65,74,4,93,101,3,123,37,142,152,1,173,1,192,201,1,other
12,30,30,49,4221,61,73,2,92,101,1,123,28,143,152,2,173,1,191,201,1,other
12,18,34,42,6361,61,75,2,93,101,1,124,41,143,152,1,173,1,192,201,1,other
13,12,32,43,1297,61,73,3,94,101,4,121,23,143,151,1,173,1,191,201,1,young
11,12,32,40,900,65,73,4,94,101,2,123,23,143,152,1,173,1,191,201,2,young
14,21,32,42,2241,61,75,4,93,101,2,121,50,143,152,2,173,1,191,201,1,other
12,6,33,42,1050,61,71,4,93,101,1,122,35,142,152,2,174,1,192,201,1,other
13,6,34,46,1047,61,73,2,92,101,4,122,50,143,152,1,172,1,191,201,1,other
14,24,34,410,6314,61,71,4,93,102,2,124,27,141,152,2,174,1,192,201,1,other
12,30,31,42,3496,64,73,4,93,101,2,123,34,142,152,1,173,2,192,201,1,other
14,48,31,49,3609,61,73,1,92,101,1,121,27,142,152,1,173,1,191,201,1,other
11,12,34,40,4843,61,75,3,93,102,4,122,43,143,151,2,173,1,192,201,2,other
13,30,34,43,3017,61,75,4,93,101,4,122,47,143,152,1,173,1,191,201,1,other
14,24,34,49,4139,62,73,3,93,101,3,122,27,143,152,2,172,1,192,201,1,other
14,36,32,49,5742,62,74,2,93,101,2,123,31,143,152,2,173,1,192,201,1,other
14,60,32,40,10366,61,75,2,93,101,4,122,42,143,152,1,174,1,192,201,1,other
14,6,34,40,2080,63,73,1,94,101,2,123,24,143,152,1,173,1,191,201,1,young
14,21,33,49,2580,63,72,4,93,101,2,121,41,141,152,1,172,2,191,201,2,other
14,30,34,43,4530,61,74,4,92,101,4,123,26,143,151,1,174,1,192,201,1,other
14,24,34,42,5150,61,75,4,93,101,4,123,33,143,152,1,173,1,192,201,1,other
12,72,32,43,5595,62,73,2,94,101,2,123,24,143,152,1,173,1,191,201,2,young
11,24,32,43,2384,61,75,4,93,101,4,121,64,141,151,1,172,1,191,201,1,other
14,18,32,43,1453,61,72,3,92,101,1,121,26,143,152,1,173,1,191,201,1,other
14,6,32,46,1538,61,72,1,92,101,2,124,56,143,152,1,173,1,191,201,1,other
14,12,32,43,2279,65,73,4,93,101,4,124,37,143,153,1,173,1,192,201,1,other
14,15,33,43,1478,61,73,4,94,101,3,121,33,141,152,2,173,1,191,201,1,other
14,24,34,43,5103,61,72,3,94,101,3,124,47,143,153,3,173,1,192,201,1,other
12,36,33,49,9857,62,74,1,93,101,3,122,31,143,152,2,172,2,192,201,1,other
14,60,32,40,6527,65,73,4,93,101,4,124,34,143,153,1,173,2,192,201,1,other
13,10,34,43,1347,65,74,4,93,101,2,122,27,143,152,2,173,1,192,201,1,other
12,36,33,40,2862,62,75,4,93,101,3,124,30,143,153,1,173,1,191,201,1,other
14,9,32,43,2753,62,75,3,93,102,4,123,35,143,152,1,173,1,192,201,1,other
11,12,32,40,3651,64,73,1,93,101,3,122,31,143,152,1,173,2,191,201,1,other
11,15,34,42,975,61,73,2,91,101,3,122,25,143,152,2,173,1,191,201,1,young
12,15,32,45,2631,62,73,3,92,101,2,121,25,143,152,1,172,1,191,201,1,young
12,24,32,43,2896,62,72,2,93,101,1,123,29,143,152,1,173,1,191,201,1,other
11,6,34,40,4716,65,72,1,93,101,3,121,44,143,152,2,172,2,191,201,1,other
14,24,32,43,2284,61,74,4,93,101,2,123,28,143,152,1,173,1,192,201,1,other
14,6,32,41,1236,63,73,2,93,101,4,122,50,143,151,1,173,1,191,201,1,other
12,12,32,43,1103,61,74,4,93,103,3,121,29,143,152,2,173,1,191,202,1,other
14,12,34,40,926,61,71,1,92,101,2,122,38,143,152,1,171,1,191,201,1,other
14,18,34,43,1800,61,73,4,93,101,2,123,24,143,152,2,173,1,191,201,1,young
13,15,32,46,1905,61,75,4,93,101,4,123,40,143,151,1,174,1,192,201,1,other
14,12,32,42,1123,63,73,4,92,101,4,123,29,143,151,1,172,1,191,201,2,other
11,48,34,41,6331,61,75,4,93,101,4,124,46,143,153,2,173,1,192,201,2,other
13,24,32,43,1377,62,75,4,92,101,2,124,47,143,153,1,173,1,192,201,1,other
12,30,33,49,2503,62,75,4,93,101,2,122,41,142,152,2,173,1,191,201,1,other
12,27,32,49,2528,61,72,4,92,101,1,122,32,143,152,1,173,2,192,201,1,other
14,15,32,40,5324,63,75,1,92,101,4,124,35,143,153,1,173,1,191,201,1,other
12,48,32,40,6560,62,74,3,93,101,2,122,24,143,152,1,173,1,191,201,2,young
12,12,30,42,2969,61,72,4,92,101,3,122,25,143,151,2,173,1,191,201,2,young
12,9,32,43,1206,61,75,4,92,101,4,121,25,143,152,1,173,1,191,201,1,young
12,9,32,43,2118,61,73,2,93,101,2,121,37,143,152,1,172,2,191,201,1,other
14,18,34,43,629,63,75,4,93,101,3,122,32,141,152,2,174,1,192,201,1,other
11,6,31,46,1198,61,75,4,92,101,4,124,35,143,153,1,173,1,191,201,2,other
14,21,32,41,2476,65,75,4,93,101,4,121,46,143,152,1,174,1,192,201,1,other
11,9,34,43,1138,61,73,4,93,101,4,121,25,143,152,2,172,1,191,201,1,young
12,60,32,40,14027,61,74,4,93,101,2,124,27,143,152,1,174,1,192,201,2,other
14,30,34,41,7596,65,75,1,93,101,4,123,63,143,152,2,173,1,191,201,1,other
14,30,34,43,3077,65,75,3,93,101,2,123,40,143,152,2,173,2,192,201,1,other
14,18,32,43,1505,61,73,4,93,101,2,124,32,143,153,1,174,1,192,201,1,other
13,24,34,43,3148,65,73,3,93,101,2,123,31,143,152,2,173,1,192,201,1,other
12,20,30,41,6148,62,75,3,94,101,4,123,31,141,152,2,173,1,192,201,1,other
13,9,30,43,1337,61,72,4,93,101,2,123,34,143,152,2,174,1,192,201,2,other
12,6,31,46,433,64,72,4,92,101,2,122,24,141,151,1,173,2,191,201,2,young
11,12,32,40,1228,61,73,4,92,101,2,121,24,143,152,1,172,1,191,201,2,young
12,9,32,43,790,63,73,4,92,101,3,121,66,143,152,1,172,1,191,201,1,other
14,27,32,40,2570,61,73,3,92,101,3,121,21,143,151,1,173,1,191,201,2,young
14,6,34,40,250,64,73,2,92,101,2,121,41,141,152,2,172,1,191,201,1,other
14,15,34,43,1316,63,73,2,94,101,2,122,47,143,152,2,172,1,191,201,1,other
11,18,32,43,1882,61,73,4,92,101,4,123,25,141,151,2,173,1,191,201,2,young
12,48,31,49,6416,61,75,4,92,101,3,124,59,143,151,1,173,1,191,201,2,other
13,24,34,49,1275,64,73,2,91,101,4,121,36,143,152,2,173,1,192,201,1,other
12,24,33,43,6403,61,72,1,93,101,2,123,33,143,152,1,173,1,191,201,1,other
11,24,32,43,1987,61,73,2,93,101,4,121,21,143,151,1,172,2,191,201,2,young
12,8,32,43,760,61,74,4,92,103,2,121,44,143,152,1,172,1,191,201,1,other
14,24,32,41,2603,64,73,2,92,101,4,123,28,143,151,1,173,1,192,201,1,other
14,4,34,40,3380,61,74,1,92,101,1,121,37,143,152,1,173,2,191,201,1,other
12,36,31,44,3990,65,72,3,92,101,2,124,29,141,152,1,171,1,191,201,1,other
12,24,32,41,11560,61,73,1,92,101,4,123,23,143,151,2,174,1,191,201,2,young
11,18,32,40,4380,62,73,3,93,101,4,123,35,143,152,1,172,2,192,201,1,other
14,6,34,40,6761,61,74,1,93,101,3,124,45,143,152,2,174,2,192,201,1,other
12,30,30,49,4280,62,73,4,92,101,4,123,26,143,151,2,172,1,191,201,2,other
11,24,31,40,2325,62,74,2,93,101,3,123,32,141,152,1,173,1,191,201,1,other
12,10,31,43,1048,61,73,4,93,101,4,121,23,142,152,1,172,1,191,201,1,young
14,21,32,43,3160,65,75,4,93,101,3,122,41,143,152,1,173,1,192,201,1,other
11,24,31,42,2483,63,73,4,93,101,4,121,22,142,152,1,173,1,192,201,1,young
11,39,34,42,14179,65,74,4,93,101,4,122,30,143,152,2,174,1,192,201,1,other
11,13,34,49,1797,61,72,3,93,101,1,122,28,141,152,2,172,1,191,201,1,other
11,15,32,40,2511,61,71,1,92,101,4,123,23,143,151,1,173,1,191,201,1,young
11,12,32,40,1274,61,72,3,92,101,1,121,37,143,152,1,172,1,191,201,2,other
14,21,32,41,5248,65,73,1,93,101,3,123,26,143,152,1,173,1,191,201,1,other
14,15,32,41,3029,61,74,2,93,101,2,123,33,143,152,1,173,1,191,201,1,other
11,6,32,42,428,61,75,2,92,101,1,122,49,141,152,1,173,1,192,201,1,other
11,18,32,40,976,61,72,1,92,101,2,123,23,143,152,1,172,1,191,201,2,young
12,12,32,49,841,62,74,2,92,101,4,121,23,143,151,1,172,1,191,201,1,young
14,30,34,43,5771,61,74,4,92,101,2,123,25,143,152,2,173,1,191,201,1,young
14,12,33,45,1555,64,75,4,93,101,4,124,55,143,153,2,173,2,191,201,2,other
11,24,32,40,1285,65,74,4,92,101,4,124,32,143,151,1,173,1,191,201,2,other
13,6,34,40,1299,61,73,1,93,101,1,121,74,143,152,3,171,2,191,202,1,other
13,15,34,43,1271,65,73,3,93,101,4,124,39,143,153,2,173,1,192,201,2,other
14,24,32,40,1393,61,73,2,93,103,2,121,31,143,152,1,173,1,192,201,1,other
11,12,34,40,691,61,75,4,93,101,3,122,35,143,152,2,173,1,191,201,2,other
14,15,34,40,5045,65,75,1,92,101,4,123,59,143,152,1,173,1,192,201,1,other
11,18,34,42,2124,61,73,4,92,101,4,121,24,143,151,2,173,1,191,201,2,young
11,12,32,43,2214,61,73,4,93,101,3,122,24,143,152,1,172,1,191,201,1,young
14,21,34,40,12680,65,75,4,93,101,4,124,30,143,153,1,174,1,192,201,2,other
14,24,34,40,2463,62,74,4,94,101,3,122,27,143,152,2,173,1,192,201,1,other
12,12,32,43,1155,61,75,3,94,103,3,121,40,141,152,2,172,1,191,201,1,other
11,30,32,42,3108,61,72,2,91,101,4,122,31,143,152,1,172,1,191,201,2,other
14,10,32,41,2901,65,72,1,92,101,4,121,31,143,151,1,173,1,191,201,1,other
12,12,34,42,3617,61,75,1,93,101,4,123,28,143,151,3,173,1,192,201,1,other
14,12,34,43,1655,61,75,2,93,101,4,121,63,143,152,2,172,1,192,201,1,other
11,24,32,41,2812,65,75,2,92,101,4,121,26,143,151,1,173,1,191,201,1,other
11,36,34,46,8065,61,73,3,92,101,2,124,25,143,152,2,174,1,192,201,2,young
14,21,34,41,3275,61,75,1,93,101,4,123,36,143,152,1,174,1,192,201,1,other
14,24,34,43,2223,62,75,4,93,101,4,122,52,141,152,2,173,1,191,201,1,other
13,12,34,40,1480,63,71,2,93,101,4,124,66,141,153,3,171,1,191,201,1,other
11,24,32,40,1371,65,73,4,92,101,4,121,25,143,151,1,173,1,191,201,2,young
14,36,34,40,3535,61,74,4,93,101,4,123,37,143,152,2,173,1,192,201,1,other
11,18,32,43,3509,61,74,4,92,103,1,121,25,143,152,1,173,1,191,201,1,young
14,36,34,41,5711,64,75,4,93,101,2,123,38,143,152,2,174,1,192,201,1,other
12,18,32,45,3872,61,71,2,92,101,4,123,67,143,152,1,173,1,192,201,1,other
12,39,34,43,4933,61,74,2,93,103,2,121,25,143,152,2,173,1,191,201,2,young
14,24,34,40,1940,64,75,4,93,101,4,121,60,143,152,1,173,1,192,201,1,other
12,12,30,48,1410,61,73,2,93,101,2,121,31,143,152,1,172,1,192,201,1,other
12,12,32,40,836,62,72,4,92,101,2,122,23,141,152,1,172,1,191,201,2,young
12,20,32,41,6468,65,71,1,91,101,4,121,60,143,152,1,174,1,192,201,1,other
12,18,32,49,1941,64,73,4,93,101,2,122,35,143,152,1,172,1,192,201,1,other
14,22,32,43,2675,63,75,3,93,101,4,123,40,143,152,1,173,1,191,201,1,other
14,48,34,41,2751,65,75,4,93,101,3,123,38,143,152,2,173,2,192,201,1,other
12,48,33,46,6224,61,75,4,93,101,4,124,50,143,153,1,173,1,191,201,2,other
11,40,34,46,5998,61,73,4,93,101,3,124,27,141,152,1,173,1,192,201,2,other
12,21,32,49,1188,61,75,2,92,101,4,122,39,143,152,1,173,2,191,201,2,other
14,24,32,41,6313,65,75,3,93,101,4,123,41,143,152,1,174,2,192,201,1,other
14,6,34,42,1221,65,73,1,94,101,2,122,27,143,152,2,173,1,191,201,1,other
13,24,32,42,2892,61,75,3,91,101,4,124,51,143,153,1,173,1,191,201,1,other
14,24,32,42,3062,63,75,4,93,101,3,124,32,143,151,1,173,1,192,201,1,other
14,9,32,42,2301,62,72,2,92,101,4,122,22,143,151,1,173,1,191,201,1,young
11,18,32,41,7511,65,75,1,93,101,4,122,51,143,153,1,173,2,192,201,2,other
14,12,34,42,1258,61,72,2,92,101,4,122,22,143,151,2,172,1,191,201,1,young
14,24,33,40,717,65,75,4,94,101,4,123,54,143,152,2,173,1,192,201,1,other
12,9,32,40,1549,65,72,4,93,101,2,121,35,143,152,1,171,1,191,201,1,other
14,24,34,46,1597,61,75,4,93,101,4,124,54,143,153,2,173,2,191,201,1,other
12,18,34,43,1795,61,75,3,92,103,4,121,48,141,151,2,172,1,192,201,1,other
11,20,34,42,4272,61,75,1,92,101,4,122,24,143,152,2,173,1,191,201,1,young
14,12,34,43,976,65,75,4,93,101,4,123,35,143,152,2,173,1,191,201,1,other
12,12,32,40,7472,65,71,1,92,101,2,121,24,143,151,1,171,1,191,201,1,young
11,36,32,40,9271,61,74,2,93,101,1,123,24,143,152,1,173,1,192,201,2,young
12,6,32,43,590,61,72,3,94,101,3,121,26,143,152,1,172,1,191,202,1,other
14,12,34,43,930,65,75,4,93,101,4,121,65,143,152,4,173,1,191,201,1,other
12,42,31,41,9283,61,71,1,93,101,2,124,55,141,153,1,174,1,192,201,1,other
12,15,30,40,1778,61,72,2,92,101,1,121,26,143,151,2,171,1,191,201,2,other
12,8,32,49,907,61,72,3,94,101,2,121,26,143,152,1,173,1,192,201,1,other
12,6,32,43,484,61,74,3,94,103,3,121,28,141,152,1,172,1,191,201,1,other
11,36,34,41,9629,61,74,4,93,101,4,123,24,143,152,2,173,1,192,201,2,young
11,48,32,44,3051,61,73,3,93,101,4,123,54,143,152,1,173,1,191,201,2,other
11,48,32,40,3931,61,74,4,93,101,4,124,46,143,153,1,173,2,191,201,2,other
12,36,33,40,7432,61,73,2,92,101,2,122,54,143,151,1,173,1,191,201,1,other
14,6,32,44,1338,63,73,1,91,101,4,121,62,143,152,1,173,1,191,201,1,other
14,6,34,43,1554,61,74,1,92,101,2,123,24,143,151,2,173,1,192,201,1,young
11,36,32,410,15857,61,71,2,91,102,3,123,43,143,152,1,174,1,191,201,1,other
11,18,32,43,1345,61,73,4,94,101,3,121,26,141,152,1,173,1,191,201,2,other
14,12,32,40,1101,61,73,3,94,101,2,121,27,143,152,2,173,1,192,201,1,other
13,12,32,43,3016,61,73,3,94,101,1,123,24,143,152,1,173,1,191,201,1,young
11,36,32,42,2712,61,75,2,93,101,2,122,41,141,152,1,173,2,191,201,2,other
11,8,34,40,731,61,75,4,93,101,4,121,47,143,152,2,172,1,191,201,1,other
14,18,34,42,3780,61,72,3,91,101,2,123,35,143,152,2,174,1,192,201,1,other
11,21,34,40,1602,61,75,4,94,101,3,123,30,143,152,2,173,1,192,201,1,other
11,18,34,40,3966,61,75,1,92,101,4,121,33,141,151,3,173,1,192,201,2,other
14,18,30,49,4165,61,73,2,93,101,2,123,36,142,152,2,173,2,191,201,2,other
11,36,32,41,8335,65,75,3,93,101,4,124,47,143,153,1,173,1,191,201,2,other
12,48,33,49,6681,65,73,4,93,101,4,124,38,143,153,1,173,2,192,201,1,other
14,24,33,49,2375,63,73,4,93,101,2,123,44,143,152,2,173,2,192,201,1,other
11,18,32,40,1216,61,72,4,92,101,3,123,23,143,151,1,173,1,192,201,2,young
11,45,30,49,11816,61,75,2,93,101,4,123,29,143,151,2,173,1,191,201,2,other
12,24,32,43,5084,65,75,2,92,101,4,123,42,143,152,1,173,1,192,201,1,other
13,15,32,43,2327,61,72,2,92,101,3,121,25,143,152,1,172,1,191,201,2,young
11,12,30,40,1082,61,73,4,93,101,4,123,48,141,152,2,173,1,191,201,2,other
14,12,32,43,886,65,73,4,92,101,2,123,21,143,152,1,173,1,191,201,1,young
14,4,32,42,601,61,72,1,92,101,3,121,23,143,151,1,172,2,191,201,1,young
11,24,34,41,2957,61,75,4,93,101,4,122,63,143,152,2,173,1,192,201,1,other
14,24,34,43,2611,61,75,4,94,102,3,121,46,143,152,2,173,1,191,201,1,other
11,36,32,42,5179,61,74,4,93,101,2,122,29,143,152,1,173,1,191,201,2,other
14,21,33,41,2993,61,73,3,93,101,2,121,28,142,152,2,172,1,191,201,1,other
14,18,32,45,1943,61,72,4,92,101,4,121,23,143,152,1,173,1,191,201,2,young
14,24,31,49,1559,61,74,4,93,101,4,123,50,141,152,1,173,1,192,201,1,other
14,18,32,42,3422,61,75,4,93,101,4,122,47,141,152,3,173,2,192,201,1,other
12,21,32,42,3976,65,74,2,93,101,3,123,35,143,152,1,173,1,192,201,1,other
14,18,32,40,6761,65,73,2,93,101,4,123,68,143,151,2,173,1,191,201,2,other
14,24,32,40,1249,61,72,4,94,101,2,121,28,143,152,1,173,1,191,201,1,other
11,9,32,43,1364,61,74,3,93,101,4,121,59,143,152,1,173,1,191,201,1,other
11,12,32,43,709,61,75,4,93,101,4,121,57,142,152,1,172,1,191,201,2,other
11,20,34,40,2235,61,73,4,94,103,2,122,33,141,151,2,173,1,191,202,2,other
14,24,34,41,4042,65,74,3,93,101,4,122,43,143,152,2,173,1,192,201,1,other
14,15,34,43,1471,61,73,4,93,101,4,124,35,143,153,2,173,1,192,201,1,other
11,18,31,40,1442,61,74,4,93,101,4,124,32,143,153,2,172,2,191,201,2,other
14,36,33,40,10875,61,75,2,93,101,2,123,45,143,152,2,173,2,192,201,1,other
14,24,32,40,1474,62,72,4,94,101,3,121,33,143,152,1,173,1,192,201,1,other
14,10,32,48,894,65,74,4,92,101,3,122,40,143,152,1,173,1,192,201,1,other
14,15,34,42,3343,61,73,4,93,101,2,124,28,143,153,1,173,1,192,201,1,other
11,15,32,40,3959,61,73,3,92,101,2,122,29,143,152,1,173,1,192,201,2,other
14,9,32,40,3577,62,73,1,93,103,2,121,26,143,151,1,173,2,191,202,1,other
14,24,34,41,5804,64,73,4,93,101,2,121,27,143,152,2,173,1,191,201,1,other
14,18,33,49,2169,61,73,4,94,101,2,123,28,143,152,1,173,1,192,201,2,other
11,24,32,43,2439,61,72,4,92,101,4,121,35,143,152,1,173,1,192,201,2,other
14,27,34,42,4526,64,72,4,93,101,2,121,32,142,152,2,172,2,192,201,1,other
14,10,32,42,2210,61,73,2,93,101,2,121,25,141,151,1,172,1,191,201,2,young
14,15,32,42,2221,63,73,2,92,101,4,123,20,143,151,1,173,1,191,201,1,young
11,18,32,43,2389,61,72,4,92,101,1,123,27,142,152,1,173,1,191,201,1,other
14,12,34,42,3331,61,75,2,93,101,4,122,42,142,152,1,173,1,191,201,1,other
14,36,32,49,7409,65,75,3,93,101,2,122,37,143,152,2,173,1,191,201,1,other
11,12,32,42,652,61,75,4,92,101,4,122,24,143,151,1,173,1,191,201,1,young
14,36,33,42,7678,63,74,2,92,101,4,123,40,143,152,2,173,1,192,201,1,other
13,6,34,40,1343,61,75,1,93,101,4,121,46,143,152,2,173,2,191,202,1,other
11,24,34,49,1382,62,74,4,93,101,1,121,26,143,152,2,173,1,192,201,1,other
14,15,32,44,874,65,72,4,92,101,1,121,24,143,152,1,173,1,191,201,1,young
11,12,32,42,3590,61,73,2,93,102,2,122,29,143,152,1,172,2,191,201,1,other
12,11,34,40,1322,64,73,4,92,101,4,123,40,143,152,2,173,1,191,201,1,other
11,18,31,43,1940,61,72,3,93,102,4,124,36,141,153,1,174,1,192,201,1,other
14,36,32,43,3595,61,75,4,93,101,2,123,28,143,152,1,173,1,191,201,1,other
11,9,32,40,1422,61,72,3,93,101,2,124,27,143,153,1,174,1,192,201,2,other
14,30,34,43,6742,65,74,2,93,101,3,122,36,143,152,2,173,1,191,201,1,other
14,24,32,41,7814,61,74,3,93,101,3,123,38,143,152,1,174,1,192,201,1,other
14,24,32,41,9277,65,73,2,91,101,4,124,48,143,153,1,173,1,192,201,1,other
12,30,34,40,2181,65,75,4,93,101,4,121,36,143,152,2,173,1,191,201,1,other
14,18,34,43,1098,61,71,4,92,101,4,123,65,143,152,2,171,1,191,201,1,other
12,24,32,42,4057,61,74,3,91,101,3,123,43,143,152,1,173,1,192,201,2,other
11,12,32,46,795,61,72,4,92,101,4,122,53,143,152,1,173,1,191,201,2,other
12,24,34,49,2825,65,74,4,93,101,3,124,34,143,152,2,173,2,192,201,1,other
12,48,32,49,15672,61,73,2,93,101,2,123,23,143,152,1,173,1,192,201,2,young
14,36,34,40,6614,61,75,4,93,101,4,123,34,143,152,2,174,1,192,201,1,other
14,28,31,41,7824,65,72,3,93,103,4,121,40,141,151,2,173,2,192,201,1,other
11,27,34,49,2442,61,75,4,93,101,4,123,43,142,152,4,174,2,192,201,1,other
14,15,34,43,1829,61,75,4,93,101,4,123,46,143,152,2,173,1,192,201,1,other
11,12,34,40,2171,61,73,4,93,101,4,122,38,141,152,2,172,1,191,202,1,other
12,36,34,41,5800,61,73,3,93,101,4,123,34,143,152,2,173,1,192,201,1,other
14,18,34,43,1169,65,73,4,93,101,3,122,29,143,152,2,173,1,192,201,1,other
14,36,33,41,8947,65,74,3,93,101,2,123,31,142,152,1,174,2,192,201,1,other
11,21,32,43,2606,61,72,4,92,101,4,122,28,143,151,1,174,1,192,201,1,other
14,12,34,42,1592,64,74,3,92,101,2,122,35,143,152,1,173,1,191,202,1,other
14,15,32,42,2186,65,74,1,92,101,4,121,33,141,151,1,172,1,191,201,1,other
11,18,32,42,4153,61,73,2,93,102,3,123,42,143,152,1,173,1,191,201,2,other
11,16,34,40,2625,61,75,2,93,103,4,122,43,141,151,1,173,1,192,201,2,other
14,20,34,40,3485,65,72,2,91,101,4,121,44,143,152,2,173,1,192,201,1,other
14,36,34,41,10477,65,75,2,93,101,4,124,42,143,153,2,173,1,191,201,1,other
14,15,32,43,1386,65,73,4,94,101,2,121,40,143,151,1,173,1,192,201,1,other
14,24,32,43,1278,61,75,4,93,101,1,121,36,143,152,1,174,1,192,201,1,other
11,12,32,43,1107,61,73,2,93,101,2,121,20,143,151,1,174,2,192,201,1,young
11,21,32,40,3763,65,74,2,93,102,2,121,24,143,152,1,172,1,191,202,1,young
12,36,32,46,3711,65,73,2,94,101,2,123,27,143,152,1,173,1,191,201,1,other
14,15,33,41,3594,61,72,1,92,101,2,122,46,143,152,2,172,1,191,201,1,other
12,9,32,40,3195,65,73,1,92,101,2,121,33,143,152,1,172,1,191,201,1,other
14,36,33,43,4454,61,73,4,92,101,4,121,34,143,152,2,173,1,191,201,1,other
12,24,34,42,4736,61,72,2,92,101,4,123,25,141,152,1,172,1,191,201,2,young
12,30,32,43,2991,65,75,2,92,101,4,123,25,143,152,1,173,1,191,201,1,young
14,11,32,49,2142,64,75,1,91,101,2,121,28,143,152,1,173,1,192,201,1,other
11,24,31,49,3161,61,73,4,93,101,2,122,31,143,151,1,173,1,192,201,2,other
12,48,30,410,18424,61,73,1,92,101,2,122,32,141,152,1,174,1,192,202,2,other
14,10,32,41,2848,62,73,1,93,102,2,121,32,143,152,1,173,2,191,201,1,other
11,6,32,40,14896,61,75,1,93,101,4,124,68,141,152,1,174,1,192,201,2,other
11,24,32,42,2359,62,71,1,91,101,1,122,33,143,152,1,173,1,191,201,2,other
11,24,32,42,3345,61,75,4,93,101,2,122,39,143,151,1,174,1,192,201,2,other
14,18,34,42,1817,61,73,4,92,101,2,124,28,143,152,2,173,1,191,201,1,other
14,48,33,43,12749,63,74,4,93,101,1,123,37,143,152,1,174,1,192,201,1,other
11,9,32,43,1366,61,72,3,92,101,4,122,22,143,151,1,173,1,191,201,2,young
12,12,32,40,2002,61,74,3,93,101,4,122,30,143,151,1,173,2,192,201,1,other
11,24,31,42,6872,61,72,2,91,101,1,122,55,141,152,1,173,1,192,201,2,other
11,12,31,40,697,61,72,4,93,101,2,123,46,141,152,2,173,1,192,201,2,other
11,18,34,42,1049,61,72,4,92,101,4,122,21,143,151,1,173,1,191,201,1,young
11,48,32,41,10297,61,74,4,93,101,4,124,39,142,153,3,173,2,192,201,2,other
14,30,32,43,1867,65,75,4,93,101,4,123,58,143,152,1,173,1,192,201,1,other
11,12,33,40,1344,61,73,4,93,101,2,121,43,143,152,2,172,2,191,201,1,other
11,24,32,42,1747,61,72,4,93,102,1,122,24,143,152,1,172,1,191,202,1,young
12,9,32,43,1670,61,72,4,92,101,2,123,22,143,152,1,173,1,192,201,2,young
14,9,34,40,1224,61,73,3,93,101,1,121,30,143,152,2,173,1,191,201,1,other
14,12,34,43,522,63,75,4,93,101,4,122,42,143,152,2,173,2,192,201,1,other
11,12,32,43,1498,61,73,4,92,101,1,123,23,141,152,1,173,1,191,201,1,young
12,30,33,43,1919,62,72,4,93,101,3,124,30,142,152,2,174,1,191,201,2,other
13,9,32,43,745,61,73,3,92,101,2,121,28,143,152,1,172,1,191,201,2,other
12,6,32,43,2063,61,72,4,94,101,3,123,30,143,151,1,174,1,192,201,1,other
12,60,32,46,6288,61,73,4,93,101,4,124,42,143,153,1,173,1,191,201,2,other
14,24,34,41,6842,65,73,2,93,101,4,122,46,143,152,2,174,2,192,201,1,other
14,12,32,40,3527,65,72,2,93,101,3,122,45,143,152,1,174,2,192,201,1,other
14,10,32,40,1546,61,73,3,93,101,2,121,31,143,152,1,172,2,191,202,1,other
14,24,32,42,929,65,74,4,93,101,2,123,31,142,152,1,173,1,192,201,1,other
14,4,34,40,1455,61,74,2,93,101,1,121,42,143,152,3,172,2,191,201,1,other
11,15,32,42,1845,61,72,4,92,103,1,122,46,143,151,1,173,1,191,201,1,other
12,48,30,40,8358,63,72,1,92,101,1,123,30,143,152,2,173,1,191,201,1,other
11,24,31,42,3349,63,72,4,93,101,4,124,30,143,153,1,173,2,192,201,2,other
14,12,32,40,2859,65,71,4,93,101,4,124,38,143,152,1,174,1,192,201,1,other
14,18,32,42,1533,61,72,4,94,102,1,122,43,143,152,1,172,2,191,201,2,other
14,24,32,43,3621,62,75,2,93,101,4,123,31,143,152,2,173,1,191,201,2,other
12,18,34,49,3590,61,71,3,94,101,3,123,40,143,152,3,171,2,192,201,1,other
11,36,33,49,2145,61,74,2,93,101,1,123,24,143,152,2,173,1,192,201,2,young
12,24,32,41,4113,63,72,3,92,101,4,123,28,143,151,1,173,1,191,201,2,other
14,36,32,42,10974,61,71,4,92,101,2,123,26,143,152,2,174,1,192,201,2,other
11,12,32,40,1893,61,73,4,92,103,4,122,29,143,152,1,173,1,192,201,1,other
11,24,34,43,1231,64,75,4,92,101,4,122,57,143,151,2,174,1,192,201,1,other
13,30,34,43,3656,65,75,4,93,101,4,122,49,142,152,2,172,1,191,201,1,other
12,9,34,43,1154,61,75,2,93,101,4,121,37,143,152,3,172,1,191,201,1,other
11,28,32,40,4006,61,73,3,93,101,2,123,45,143,152,1,172,1,191,201,2,other
12,24,32,42,3069,62,75,4,93,101,4,124,30,143,153,1,173,1,191,201,1,other
14,6,34,43,1740,61,75,2,94,101,2,121,30,143,151,2,173,1,191,201,1,other
12,21,33,40,2353,61,73,1,91,101,4,122,47,143,152,2,173,1,191,201,1,other
14,15,32,40,3556,65,73,3,93,101,2,124,29,143,152,1,173,1,191,201,1,other
14,24,32,43,2397,63,75,3,93,101,2,123,35,141,152,2,173,1,192,201,2,other
12,6,32,45,454,61,72,3,94,101,1,122,22,143,152,1,172,1,191,201,1,young
12,30,32,43,1715,65,73,4,92,101,1,123,26,143,152,1,173,1,191,201,1,other
12,27,34,43,2520,63,73,4,93,101,2,122,23,143,152,2,172,1,191,201,2,young
14,15,32,43,3568,61,75,4,92,101,2,123,54,141,151,1,174,1,192,201,1,other
14,42,32,43,7166,65,74,2,94,101,4,122,29,143,151,1,173,1,192,201,1,other
11,11,34,40,3939,61,73,1,93,101,2,121,40,143,152,2,172,2,191,201,1,other
12,15,32,45,1514,62,73,4,93,103,2,121,22,143,152,1,173,1,191,201,1,young
14,24,32,40,7393,61,73,1,93,101,4,122,43,143,152,1,172,2,191,201,1,other
11,24,31,40,1193,61,71,1,92,102,4,124,29,143,151,2,171,1,191,201,2,other
11,60,32,49,7297,61,75,4,93,102,4,124,36,143,151,1,173,1,191,201,2,other
14,30,34,43,2831,61,73,4,92,101,2,123,33,143,152,1,173,1,192,201,1,other
13,24,32,43,1258,63,73,3,92,101,3,123,57,143,152,1,172,1,191,201,1,other
12,6,32,43,753,61,73,2,92,103,3,121,64,143,152,1,173,1,191,201,1,other
12,18,33,49,2427,65,75,4,93,101,2,122,42,143,152,2,173,1,191,201,1,other
14,24,33,40,2538,61,75,4,93,101,4,123,47,143,152,2,172,2,191,201,2,other
12,15,31,40,1264,62,73,2,94,101,2,122,25,143,151,1,173,1,191,201,2,young
12,30,34,42,8386,61,74,2,93,101,2,122,49,143,152,1,173,1,191,201,2,other
14,48,32,49,4844,61,71,3,93,101,2,123,33,141,151,1,174,1,192,201,2,other
13,21,32,40,2923,62,73,1,92,101,1,123,28,141,152,1,174,1,192,201,1,other
11,36,32,41,8229,61,73,2,93,101,2,122,26,143,152,1,173,2,191,201,2,other
14,24,34,42,2028,61,74,2,93,101,2,122,30,143,152,2,172,1,191,201,1,other
11,15,34,42,1433,61,73,4,92,101,3,122,25,143,151,2,173,1,191,201,1,young
13,42,30,49,6289,61,72,2,91,101,1,122,33,143,152,2,173,1,191,201,1,other
14,13,32,43,1409,62,71,2,92,101,4,121,64,143,152,1,173,1,191,201,1,other
11,24,32,41,6579,61,71,4,93,101,2,124,29,143,153,1,174,1,192,201,1,other
12,24,34,43,1743,61,75,4,93,101,2,122,48,143,152,2,172,1,191,201,1,other
14,12,34,46,3565,65,72,2,93,101,1,122,37,143,152,2,172,2,191,201,1,other
14,15,31,43,1569,62,75,4,93,101,4,123,34,141,152,1,172,2,191,201,1,other
11,18,32,43,1936,65,74,2,94,101,4,123,23,143,151,2,172,1,191,201,1,young
11,36,32,42,3959,61,71,4,93,101,3,122,30,143,152,1,174,1,192,201,1,other
14,12,32,40,2390,65,75,4,93,101,3,123,50,143,152,1,173,1,192,201,1,other
14,12,32,42,1736,61,74,3,92,101,4,121,31,143,152,1,172,1,191,201,1,other
11,30,32,41,3857,61,73,4,91,101,4,122,40,143,152,1,174,1,192,201,1,other
14,12,32,43,804,61,75,4,93,101,4,123,38,143,152,1,173,1,191,201,1,other
11,45,32,43,1845,61,73,4,93,101,4,124,23,143,153,1,173,1,192,201,2,young
12,45,34,41,4576,62,71,3,93,101,4,123,27,143,152,1,173,1,191,201,1,other
